sample_idx,target_idx,confidence_text,is_correct_text,rank_text,confidence_skill,is_correct_skill,rank_skill,confidence_hybrid,is_correct_hybrid,rank_hybrid,mean_skill_score,mean_genericness,mean_idf,num_skills
0,251,0.5968831,False,5,0.5852864,False,8,0.59586585,False,5,0.7188877539431795,0.38995016083899403,5.31469117623485,94
1,848,0.94431645,True,1,0.9474943,True,1,0.94778126,True,1,0.6140618263841509,0.46883790027746425,4.9077049652528775,143
2,848,0.9441997,True,1,0.9474943,True,1,0.9485665,True,1,0.6556383546143142,0.43754909223013855,5.069125656528429,237
3,848,0.92746174,True,1,0.8461396,False,3,0.91929865,True,1,0.6563741360391889,0.4132912430508819,5.194273242126798,105
4,757,0.6201968,False,9,0.555064,False,11,0.57418054,False,11,0.6321918150341069,0.3956862856598254,5.285098191023622,108
5,680,0.7923056,False,2,0.54910994,False,10,0.77731395,True,1,0.4915522230022094,0.42366221684429123,5.140768814716184,85
6,680,0.83472115,False,3,0.8525892,False,3,0.8101781,False,3,0.5649089726098513,0.4107978966242903,5.207136554246616,118
7,757,0.55401504,False,9,0.555064,False,11,0.54189575,False,11,0.6441126775014009,0.4043647857821772,5.240325328891385,213
8,680,0.8055635,False,2,0.54910994,False,10,0.7951887,True,1,0.570252098336121,0.40800729162189575,5.221533439800139,193
9,680,0.84647614,False,3,0.8525892,False,3,0.8387025,False,3,0.5341930922322673,0.41618443464744337,5.179347106659981,203
10,680,0.8033905,False,3,0.54910994,False,10,0.8055306,True,1,0.600597111620759,0.40986908658848487,5.21192833659309,298
11,680,0.83873343,False,3,0.8525892,False,3,0.84432995,False,3,0.5682248030444816,0.40906610638164675,5.216070955892372,311
12,680,0.82243925,False,3,0.8525892,False,3,0.83920336,False,3,0.5904740337282419,0.41013254712748737,5.210569129100581,416
13,26,0.5314136,False,12,0.43555066,False,25,0.48724875,False,13,0.5662225180717765,0.49574335675966874,4.768898227141522,122
14,1005,0.22771488,False,82,0.3654152,False,26,0.33947328,False,40,0.6362768252741318,0.4577723769201055,4.964792612278897,294
15,264,0.6457661,False,5,0.42413497,False,28,0.60487354,False,2,0.5739484665535607,0.4995972467677635,4.749015795434131,206
16,26,0.45085022,False,18,0.5588689,False,7,0.54657704,False,7,0.6149977624147862,0.5015962113930458,4.738703026371137,222
17,264,0.3762672,False,28,0.28297648,False,69,0.43540192,False,19,0.6868459955338508,0.4608901077499917,4.948708066488271,310
18,26,0.56103456,False,10,0.43555066,False,25,0.5146732,False,14,0.6528989318533834,0.4592860045861459,4.956983723432238,332
19,264,0.63406414,False,6,0.42413497,False,28,0.59189975,False,2,0.6210479073118992,0.46890809696920815,4.907342816637647,416
20,26,0.46598762,False,10,0.5588689,False,7,0.54624045,False,6,0.5995828253430089,0.5025839942442347,4.733607000008358,306
21,264,0.4113145,False,20,0.28297648,False,69,0.46954876,False,15,0.6579000033024285,0.4707329234425394,4.8979284359320125,432
22,26,0.5779667,False,6,0.43555066,False,25,0.5583171,False,8,0.6527810319913206,0.47073292344253936,4.8979284359320125,432
23,26,0.47365335,False,11,0.5588689,False,7,0.5523951,False,5,0.6271218796253435,0.47662681733288204,4.8675215113650925,516
24,264,0.5658096,False,9,0.28297648,False,69,0.53323895,False,10,0.6417745014060606,0.47634295782297814,4.868985958276734,516
25,26,0.59347486,False,5,0.43555066,False,25,0.56979585,False,5,0.6377110986126459,0.47624063619468704,4.869513841216417,554
26,264,0.58045083,False,6,0.28297648,False,69,0.5347088,False,7,0.6491435097207215,0.4654844376607273,4.9250056643700075,726
27,26,0.57255495,False,8,0.43555066,False,25,0.5804976,False,6,0.6273272569440188,0.4800527519770162,4.849846925050252,638
28,26,0.47365335,False,11,0.43555066,False,25,0.5054217,False,8,0.6372138387523592,0.4698377255499618,4.902546811372512,848
29,848,0.9068034,True,1,0.9225092,True,1,0.9178763,True,1,0.5272500940919977,0.399684310476101,5.264472159868847,113
30,251,0.6297397,False,5,0.62140685,False,5,0.62548584,False,6,0.5587178239343213,0.4308294904577906,5.103792453727867,102
31,848,0.68727154,False,2,0.04601983,False,680,0.62438804,False,2,0.5603244503339132,0.4781806155070388,4.859505380645263,129
32,848,0.9025545,True,1,0.9488315,True,1,0.92713296,True,1,0.5519443875994564,0.4174194811360715,5.172975433515698,121
33,95,0.902916,False,2,0.90889895,False,2,0.893473,False,2,0.4789411887130906,0.4290354687948928,5.1130479107126865,113
34,251,0.61985123,False,6,0.62140685,False,5,0.61356777,False,6,0.5421789705753326,0.41446016330462354,5.188242717885683,215
35,848,0.82788026,True,1,0.04601983,False,680,0.7407053,True,1,0.5596150308847427,0.4572723265242539,4.9673723999284904,231
36,848,0.916058,True,1,0.9488315,True,1,0.92973214,True,1,0.5562684999704361,0.44877222647149057,5.011224886234553,250
37,95,0.9016686,False,2,0.90889895,False,2,0.8873203,False,2,0.516690706085955,0.42302891107387836,5.14403607421339,234
38,848,0.8734032,True,1,0.04601983,False,680,0.78767514,True,1,0.5489835254848003,0.4383553328805293,5.064966216420525,344
39,848,0.9255405,True,1,0.9488315,True,1,0.9285475,True,1,0.5569782472554256,0.44357291092206613,5.038048442724094,352
40,95,0.9008936,False,2,0.90889895,False,2,0.89068323,False,2,0.5321969127195268,0.4426282771121089,5.042921860796616,363
41,848,0.9254548,True,1,0.9488315,True,1,0.92509377,True,1,0.5497539863791517,0.43290750909326176,5.093071840653893,465
42,95,0.9017656,False,2,0.90889895,False,2,0.89392,False,2,0.5380144029214818,0.44004015616858105,5.0562741198912144,465
43,95,0.89596355,False,2,0.90889895,False,2,0.89740866,False,2,0.535909961921946,0.4321505185158989,5.096977196911062,578
44,848,0.9570514,True,1,0.9519796,True,1,0.95536315,True,1,0.6184524243387083,0.4248641828889073,5.134567805412212,192
45,251,0.6212127,False,5,0.6359714,False,5,0.65143687,False,4,0.5668603946858106,0.41877669731434836,5.165973480185407,321
46,848,0.9375753,True,1,0.93747854,True,1,0.93391436,True,1,0.5664537043115239,0.4224359905921872,5.1470949837724005,324
47,848,0.96049505,True,1,0.95951,True,1,0.9578446,True,1,0.5792015963528729,0.4181863931754122,5.169018891887437,316
48,848,0.95349544,True,1,0.94378406,True,1,0.9507679,True,1,0.6093090537077782,0.4207082631728546,5.156008425087983,291
49,848,0.95734245,True,1,0.9519796,True,1,0.9566536,True,1,0.6165966231168972,0.420737930800943,5.155855368153782,288
50,848,0.939387,True,1,0.93747854,True,1,0.93112266,True,1,0.5726268051635651,0.42016157597111914,5.158828814598578,420
51,848,0.9596032,True,1,0.95951,True,1,0.9571477,True,1,0.5770665766227813,0.42016157597111914,5.158828814598576,420
52,848,0.9531244,True,1,0.94378406,True,1,0.9506447,True,1,0.5897053534400116,0.41974238301156636,5.160991454262143,412
53,848,0.95984215,True,1,0.9519796,True,1,0.956506,True,1,0.6101315217886785,0.4217391889938909,5.15068982175756,387
54,848,0.9609607,True,1,0.95951,True,1,0.9573182,True,1,0.5801167057235112,0.41873345516254157,5.166196568838269,516
55,848,0.9514184,True,1,0.94378406,True,1,0.9497586,True,1,0.5858505103708238,0.42103647958373086,5.1543151384708805,516
56,848,0.9584408,True,1,0.9519796,True,1,0.95731765,True,1,0.5940365549616926,0.4207102822009851,5.1559980088101875,508
57,848,0.9543036,True,1,0.94378406,True,1,0.95138097,True,1,0.5870443158874324,0.4196951379431479,5.161235194183201,612
58,848,0.95748633,True,1,0.9519796,True,1,0.9575113,True,1,0.5900503719846407,0.4216369036316017,5.1512175175989325,612
59,848,0.9598446,True,1,0.9519796,True,1,0.9575067,True,1,0.5905128328055985,0.4203960253934204,5.157619277061711,708
60,680,-0.15593441,False,1005,-0.11559609,False,960,-0.11973024,False,988,0.511196134310195,0.4770007684231749,4.865592277007331,179
61,343,0.45102108,False,22,0.4702658,False,20,0.4428639,False,22,0.41711025580763816,0.3574471373996056,5.482376071875352,100
62,362,0.3160014,False,48,0.2510582,False,44,0.29376245,False,44,0.5087404037133242,0.44055081607476926,5.05363959719099,117
63,349,0.46027792,False,17,0.37866503,False,24,0.40759274,False,23,0.5807105640367586,0.4287230976711998,5.11465945061682,98
64,114,0.6083577,False,8,0.64842916,False,5,0.59734523,False,6,0.5066428164131621,0.4405508160747693,5.05363959719099,117
65,343,0.44243976,False,16,0.4702658,False,20,0.4473426,False,22,0.4774735972125043,0.43415000461544395,5.086661737533503,279
66,362,0.32433358,False,45,0.2510582,False,44,0.29963952,False,38,0.4665145291024089,0.4022541899571824,5.251214009487931,217
67,349,0.45556813,False,16,0.37866503,False,24,0.41436422,False,20,0.5415454070235408,0.43515957698849106,5.081453297822298,215
68,114,0.61882186,False,6,0.64842916,False,5,0.60233206,False,6,0.5404039292834526,0.43515957698849106,5.081453297822298,215
69,362,0.3333144,False,43,0.2510582,False,44,0.30753896,False,38,0.48671151731501927,0.43604115345569916,5.076905196068671,396
70,349,0.46546757,False,15,0.37866503,False,24,0.41531214,False,21,0.5020421844153177,0.4104889612459877,5.208730368950252,315
71,114,0.6159535,False,6,0.64842916,False,5,0.60040003,False,6,0.5292453976819315,0.4370595016062457,5.071651481635963,332
72,349,0.46386993,False,13,0.37866503,False,24,0.41763204,False,21,0.5053591014824899,0.4345893934012843,5.084394906485105,494
73,114,0.6175503,False,6,0.64842916,False,5,0.6044673,False,6,0.5032881889147339,0.41863071359544934,5.166726618265451,432
74,114,0.62413853,False,6,0.64842916,False,5,0.60315686,False,6,0.5056049192351717,0.4357309424238665,5.0785055919394235,611
75,848,0.95842046,True,1,0.9554218,True,1,0.95308626,True,1,0.5812175730959728,0.4261630929273058,5.1278666566824205,104
76,251,0.6063712,False,5,0.6244293,False,5,0.62025374,False,5,0.5927057690345324,0.4261630929273058,5.12786665668242,104
77,848,0.96611637,True,1,0.9531108,True,1,0.9532885,True,1,0.5561794794878914,0.4327012919684083,5.094135726206719,103
78,251,0.6286635,False,5,0.62687707,False,5,0.6477635,False,5,0.5205871484988978,0.41741948113607147,5.172975433515698,121
79,251,0.6131196,False,5,0.6244293,False,5,0.62673926,False,5,0.5869616710652525,0.4261630929273058,5.1278666566824205,208
80,848,0.9653578,True,1,0.9531108,True,1,0.95301193,True,1,0.57453085201374,0.42941639969655004,5.111082667122048,207
81,251,0.6332612,False,5,0.62687707,False,5,0.6541057,False,5,0.5369532649804439,0.4244463852241549,5.13672324667273,224
82,848,0.96332276,True,1,0.9531108,True,1,0.9480308,True,1,0.576766925944776,0.42832847717564526,5.116695319579534,311
83,251,0.6345605,False,5,0.62687707,False,5,0.65594435,False,5,0.554630888217106,0.4249907071788125,5.133915059602632,328
84,251,0.6354471,False,5,0.62687707,False,5,0.6630781,False,5,0.5610313864286851,0.42527294819233874,5.132458962603322,432
85,680,0.8876267,True,1,0.8522342,False,3,0.8705579,True,1,0.6286254097000662,0.3569281610471339,5.485053499581927,83
86,848,0.7995649,False,3,0.5346267,False,15,0.81896645,False,2,0.6276918713046217,0.3963828086754408,5.2815047902619225,87
87,848,0.7828583,False,3,0.5346267,False,15,0.79519993,False,3,0.6281476576976917,0.3771196571863262,5.380884454224042,170
88,696,0.14462405,False,434,0.39503357,False,40,0.26094985,False,191,0.6581177623407078,0.494170224916856,4.777014101327278,247
89,848,-0.053047746,False,948,-0.043769117,False,845,-0.017888578,False,866,0.4124102269401069,0.4983715904483393,4.755339024176131,119
90,848,-0.06277491,False,956,-0.043769117,False,845,-0.020919077,False,874,0.5782292467323157,0.49553624267162794,4.769966740177041,366
91,44,0.214472,False,95,-0.22055739,False,1003,0.116862305,False,349,0.5993000975948699,0.4721615878148258,4.890557877417082,235
92,251,0.117628805,False,453,0.16833325,False,355,0.15340517,False,374,0.6490037268567308,0.500016271985193,4.7468540211614565,214
93,361,0.42331406,False,40,0.2927927,False,74,0.3671131,False,59,0.5951557729231275,0.5177370613548696,4.655431488680355,230
94,896,0.40214407,False,52,0.12752531,False,416,0.4480457,False,25,0.5971771602332592,0.5412729597757341,4.534008486975059,250
95,304,-0.042833745,False,878,0.024606755,False,588,-0.026292486,False,871,0.56035246679424,0.5011715526839087,4.740893864139115,289
96,44,0.2254222,False,83,-0.22055739,False,1003,0.1338004,False,310,0.5964171882279171,0.5164048439689929,4.662304471857989,322
97,361,0.40346903,False,56,0.2927927,False,74,0.3733986,False,59,0.6071808395422157,0.48909258096051134,4.8032099473385585,311
98,896,0.40693343,False,52,0.12752531,False,416,0.44505095,False,24,0.5933647932079312,0.5501700654042638,4.4881078269455505,317
99,304,-0.04846795,False,886,0.024606755,False,588,-0.035926837,False,879,0.5917715429210327,0.5062763988004614,4.71455768067879,355
100,44,0.21271251,False,97,-0.22055739,False,1003,0.10160154,False,400,0.5775483965624773,0.5045027929162373,4.72370781153225,419
101,896,0.36407802,False,70,0.12752531,False,416,0.45024967,False,23,0.6031257607342311,0.5211863801513835,4.637636262230026,398
102,304,-0.058659256,False,893,0.024606755,False,588,-0.031645663,False,875,0.5897659884492086,0.5185160956478244,4.651412407675226,422
103,44,0.21094203,False,101,-0.22055739,False,1003,0.14037763,False,285,0.5982057999857923,0.5077860063513765,4.706769531828411,485
104,304,-0.045278747,False,867,0.024606755,False,588,-0.036673095,False,881,0.5980689074570095,0.500680041611294,4.7434295969478235,503
105,44,0.21773295,False,97,-0.22055739,False,1003,0.1510614,False,287,0.5958915985175881,0.5169599345464414,4.659440728867307,552
106,44,0.21157624,False,98,-0.22055739,False,1003,0.1497776,False,268,0.6017054908483702,0.5029860228068479,4.731532912417953,633
107,848,0.7282993,False,4,0.8589877,False,2,0.7501059,False,4,0.5246504466217684,0.4257022229626784,5.130244310320289,83
108,848,0.8942693,False,2,0.9571831,True,1,0.9160749,True,1,0.4806111947564054,0.41741948113607147,5.172975433515698,121
109,848,0.8846742,False,2,0.9571831,True,1,0.9105565,True,1,0.498529125662411,0.42078942021258314,5.155589731431292,204
110,1007,0.39477208,False,29,0.6222165,False,3,0.48155275,False,14,0.7024672804055391,0.4707191119856848,4.897999690001827,108
111,308,0.65078735,False,4,0.6388885,False,3,0.6366473,False,3,0.6587289781570435,0.5030831300167726,4.73103193095103,125
112,1007,0.880322,True,1,0.7137477,False,2,0.8458055,True,1,0.6930989308641591,0.5464607651460505,4.507244312136157,109
113,308,0.6576722,False,3,0.6388885,False,3,0.6621833,False,4,0.6790025259803805,0.48808178260322116,4.808424711970283,233
114,1007,0.8794078,True,1,0.7137477,False,2,0.8498892,True,1,0.6747389133924093,0.5232889515086158,4.626788980306494,234
115,1007,0.88805205,True,1,0.7137477,False,2,0.8540095,True,1,0.6834952398176082,0.506687949554006,4.712434467578704,342
116,304,-0.08350006,False,952,-0.1310879,False,993,-0.09219604,False,974,0.6466509908780285,0.549132631899343,4.493460003777068,87
117,473,0.9064057,True,1,0.86775625,True,1,0.8942987,True,1,0.7346546779979359,0.4395019552943592,5.059050727968792,110
118,270,0.80096656,False,2,0.7844899,False,2,0.8167309,False,2,0.6945516558846941,0.4543321920603417,4.982540716244341,216
119,473,0.89299154,True,1,0.86775625,True,1,0.89027417,True,1,0.6957901055135097,0.48791753328742304,4.809272083274985,197
120,270,0.79469496,False,2,0.7844899,False,2,0.81642103,False,2,0.7080833504627819,0.4493281244399181,5.008356977869156,326
121,270,0.79620475,False,2,0.7844899,False,2,0.8103182,False,2,0.6951423933589719,0.47035231850522075,4.8998919978546,413
122,304,0.25729853,False,106,0.19874531,False,228,0.313477,False,59,0.6223697618811161,0.539673031370658,4.54226260610763,385
123,7,0.12948176,False,320,0.10630426,False,468,0.1261,False,372,0.6389610291166535,0.4653510166191682,4.925693990902824,373
124,652,0.1585666,False,310,0.18180202,False,275,0.13342926,False,357,0.6360373961909266,0.4698029607273833,4.90272616501501,367
125,367,0.46241155,False,13,0.46470279,False,15,0.52917284,False,7,0.659497684553201,0.5048116789664052,4.7221142513151895,462
126,909,0.2990157,False,63,0.3664589,False,51,0.24832031,False,101,0.6460051955233631,0.5241080178910476,4.622563371537611,486
127,304,0.22314978,False,171,0.19874531,False,228,0.30187276,False,71,0.6323386621885164,0.5444560259739998,4.517586872405316,458
128,652,0.17442967,False,238,0.18180202,False,275,0.1497376,False,305,0.6464825399520686,0.4824275157339424,4.837595387481951,446
129,367,0.46820033,False,11,0.46470279,False,15,0.5378261,False,7,0.6340414007112646,0.4964803313586938,4.765096134423665,570
130,909,0.2980811,False,65,0.3664589,False,51,0.24633184,False,101,0.6538469885795151,0.5122107351713578,4.683942111117851,566
131,304,0.27213883,False,100,0.19874531,False,228,0.3085274,False,62,0.6386587660865369,0.5234507642920875,4.6259541792068255,564
132,367,0.47284898,False,11,0.46470279,False,15,0.55242217,False,8,0.6414623833928711,0.5019087431507612,4.737090657747196,649
133,909,0.29675183,False,69,0.3664589,False,51,0.2637316,False,86,0.633224130085827,0.5039793313041021,4.726408378941507,674
134,304,0.27091286,False,109,0.19874531,False,228,0.31106946,False,66,0.6464633766839408,0.5130761032184422,4.6794776295001155,644
135,909,0.30369422,False,76,0.3664589,False,51,0.29177895,False,69,0.6397059124759628,0.5078712546206553,4.706329731292187,753
136,304,0.280651,False,103,0.19874531,False,228,0.30969512,False,73,0.6290400036253986,0.5055742070008684,4.718180327010566,752
137,304,0.46320504,False,16,0.19874531,False,228,0.46120518,False,14,0.6353111566099305,0.5089492046871741,4.700768527278445,831
138,717,0.2625635,False,85,0.46167463,False,22,0.39364034,False,43,0.5684358234532544,0.45053153795896106,5.002148500964558,122
139,717,0.36981398,False,41,0.37249523,False,44,0.40881407,False,41,0.6135458548532592,0.5198786923391718,4.644382695980411,225
140,563,0.37350196,False,35,0.40483356,False,36,0.46809787,False,18,0.6334651925061878,0.5432412349552848,4.523854046460002,190
141,244,0.5664151,False,4,0.77478933,False,2,0.62501144,False,6,0.5969923276341322,0.5204942585869695,4.641206955661537,264
142,499,0.2627343,False,83,0.25239795,False,100,0.23765835,False,118,0.575555282225043,0.486530446572616,4.816428140355352,295
143,717,0.28736606,False,74,0.46167463,False,22,0.3956043,False,42,0.5670015366604695,0.4546742203163286,4.980776173554391,260
144,563,0.36591572,False,37,0.40483356,False,36,0.4691742,False,18,0.614265700757324,0.5244191504686871,4.620958221361069,332
145,244,0.566205,False,4,0.77478933,False,2,0.62415034,False,6,0.6111699301502547,0.5287950049832092,4.598382945895573,347
146,499,0.2666333,False,82,0.25239795,False,100,0.24505292,False,112,0.5862617004125272,0.4991565520353536,4.751289363933113,402
147,717,0.28472424,False,76,0.46167463,False,22,0.38750845,False,43,0.5734723710256229,0.4759983917743763,4.870763593579149,417
148,244,0.57703096,False,3,0.77478933,False,2,0.6293031,False,6,0.6046089812625649,0.5202110225833817,4.642668185869608,489
149,499,0.24941018,False,92,0.25239795,False,100,0.2790182,False,81,0.5982416388300277,0.5087470440833521,4.701811485014907,485
150,717,0.29333478,False,68,0.46167463,False,22,0.37929502,False,46,0.5821114008151392,0.487835460971766,4.809695498890816,524
151,499,0.29279423,False,69,0.25239795,False,100,0.2933347,False,74,0.5960526649247516,0.5065927267855276,4.71292572710798,627
152,717,0.2367689,False,101,0.46167463,False,22,0.3482888,False,56,0.592251013663691,0.49704639870085504,4.762175761696714,607
153,717,0.27524635,False,81,0.46167463,False,22,0.3563448,False,51,0.5915543275956159,0.4974612647870748,4.760035444611989,749
154,186,0.41379705,False,21,0.41685823,False,24,0.46790206,False,18,0.3881485013869302,0.6267995840245141,4.092771902065194,116
155,183,0.35785988,False,35,0.12640181,False,414,0.31919733,False,64,0.6301672123219251,0.5140857685639393,4.6742687101389,243
156,652,0.49106324,False,12,0.3729143,False,37,0.48218367,False,10,0.5030652929462639,0.43501923495497175,5.0821773301354325,255
157,220,0.48531064,False,14,0.4215087,False,24,0.4965796,False,14,0.4965880176412963,0.46493558251832673,4.9278372384064,248
158,595,0.3022961,False,66,0.39215702,False,29,0.366652,False,50,0.5891690572787975,0.43707785608268934,5.07155678987682,174
159,186,0.41620055,False,21,0.41685823,False,24,0.47249928,False,17,0.4330772268027067,0.5477736831320916,4.500470895629708,200
160,652,0.48065776,False,13,0.3729143,False,37,0.47900388,False,10,0.5370555217017854,0.5013000103410699,4.740231143980927,401
161,220,0.4866728,False,14,0.4215087,False,24,0.5032138,False,15,0.5484256419366684,0.43517526664443784,5.0813723540194875,345
162,595,0.3185941,False,59,0.39215702,False,29,0.38395685,False,41,0.49621701076716546,0.4582831606750593,4.962157450636043,332
163,186,0.42073992,False,27,0.41685823,False,24,0.4778479,False,17,0.5087608349220506,0.5129665472594194,4.68004283475217,290
164,220,0.48877186,False,14,0.4215087,False,24,0.5056503,False,15,0.5626974765158234,0.4892604200113692,4.802344056392138,491
165,595,0.32490483,False,53,0.39215702,False,29,0.38938218,False,40,0.5379884980601587,0.43585420016761245,5.07786969842215,429
166,186,0.4082905,False,29,0.41685823,False,24,0.47003174,False,18,0.468234986016926,0.501916877435186,4.737048692523948,448
167,595,0.3229152,False,57,0.39215702,False,29,0.38846985,False,41,0.5528255307285682,0.48186582800896854,4.840493165521597,575
168,186,0.4093275,False,33,0.41685823,False,24,0.47338906,False,19,0.5060959483095265,0.4764957864564209,4.8681975069039725,545
169,186,0.46244657,False,23,0.41685823,False,24,0.4851639,False,18,0.5251807616929242,0.506196241464545,4.714971216808221,691
170,312,0.29266933,False,99,0.14804326,False,443,0.28085288,False,112,0.6242460592587789,0.606717681033583,4.196375550309688,75
171,97,0.3538112,False,37,0.35889792,False,41,0.33615118,False,40,0.5102377712930973,0.5031530895766465,4.730671005712231,401
172,904,0.95549154,True,1,0.9283805,True,1,0.943945,True,1,0.6006856407171913,0.46620347180941096,4.921296127427735,560
173,97,0.32904878,False,42,0.35889792,False,41,0.3202873,False,43,0.6166936478329649,0.4482696290411308,5.013817814176049,556
174,513,0.37096643,False,39,0.2988492,False,72,0.27928108,False,88,0.5663053798652091,0.46714529289198004,4.916437220371377,572
175,904,0.85963607,True,1,0.4977937,False,3,0.78573,True,1,0.5493340314079495,0.48376080650546066,4.830716866648423,543
176,97,0.33142993,False,42,0.35889792,False,41,0.32707375,False,41,0.5421764545838966,0.48364206900474044,4.831329439981917,535
177,97,0.30448326,False,42,0.35889792,False,41,0.28985602,False,46,0.6078429621260517,0.4582969196117737,4.962086467520536,694
178,513,0.3818405,False,34,0.2988492,False,72,0.33101353,False,49,0.5691724618223786,0.45955859460286047,4.955577416459267,714
179,904,0.8692633,True,1,0.4977937,False,3,0.7736219,True,1,0.5573649003106155,0.4891342961197846,4.802994736524637,681
180,97,0.33518815,False,38,0.35889792,False,41,0.33313552,False,41,0.5668352082250654,0.4721805552876897,4.890460023175502,677
181,513,0.36489564,False,30,0.2988492,False,72,0.35165346,False,38,0.5696601939689315,0.4658978697302168,4.922872745456909,852
182,904,0.92287236,True,1,0.4977937,False,3,0.8632324,True,1,0.5613948451638004,0.4787584260872456,4.856524423903727,823
183,97,0.3956954,False,32,0.35889792,False,41,0.4069823,False,31,0.5705822748777691,0.478631378717637,4.857179868310428,815
184,904,0.95549154,True,1,0.4977937,False,3,0.91532904,True,1,0.562944126004328,0.4816215745405883,4.841753282674438,961
185,97,0.396034,False,29,0.35889792,False,41,0.41137493,False,29,0.5720867444970329,0.47126677394681715,4.895174271653592,957
186,97,0.30448326,False,42,0.35889792,False,41,0.28985602,False,46,0.5720989607342574,0.4747236996628368,4.877339800684801,1095
187,563,0.7918326,False,2,0.7592965,False,2,0.78572243,False,2,0.6173238006471856,0.4834962595654581,4.832081678943779,163
188,980,0.29423973,False,81,0.32706162,False,55,0.34203932,False,58,0.522587733320248,0.43014804034727117,5.107308092538507,162
189,563,0.68268675,False,2,0.3320052,False,72,0.63600004,False,2,0.5784341959576857,0.5726805605906999,4.371974937240919,95
190,980,0.28373253,False,92,0.32706162,False,55,0.33432126,False,63,0.5701015147796044,0.4569042241397772,4.969271460489459,325
191,563,0.6947931,True,1,0.3320052,False,72,0.64745444,False,2,0.5432313673691063,0.4828351587251922,4.8354923347436785,257
192,563,0.7233576,True,1,0.3320052,False,72,0.68857485,False,2,0.571986287903218,0.48309172881320017,4.8341686754689555,420
193,473,0.87550575,True,1,0.77811605,False,2,0.81148213,True,1,0.6668308771708432,0.42852657867274246,5.1156733029991726,102
194,367,-0.06846724,False,769,-0.06718984,False,815,-0.063067295,False,748,0.6166105778632817,0.4306791414839183,5.104568112399758,241
195,304,0.31262562,False,46,0.2765589,False,83,0.31739116,False,57,0.5399601917102266,0.4097427783715615,5.212579967670206,268
196,473,0.7806881,True,1,0.7079444,False,2,0.81636435,True,1,0.5760081417636195,0.42913528109740795,5.11253297352347,268
197,677,0.42190796,False,16,0.51961935,False,8,0.4610191,False,14,0.6673639241954405,0.44934748339845465,5.008257103931337,278
198,473,0.86281526,True,1,0.77811605,False,2,0.8089438,True,1,0.6247114539146423,0.43072853641442604,5.104313281221274,238
199,304,0.3020785,False,55,0.2765589,False,83,0.30548802,False,68,0.5398112721842706,0.41604089561028046,5.1800876324917375,367
200,473,0.81328875,True,1,0.7079444,False,2,0.8207462,True,1,0.6087120140107667,0.42908776669837856,5.112778102936047,410
201,677,0.43848008,False,15,0.51961935,False,8,0.46474743,False,13,0.5817692043388835,0.4302275642973243,5.106897824081776,404
202,473,0.78414965,True,1,0.77811605,False,2,0.7804337,True,1,0.667220843151996,0.4437587142352371,5.037089873154809,380
203,473,0.80926675,True,1,0.7079444,False,2,0.81125337,True,1,0.5952324779129684,0.4298662641094884,5.10876179173405,509
204,677,0.32196054,False,37,0.51961935,False,8,0.4110975,False,23,0.6048287587997677,0.42990781133397227,5.1085474473049945,546
205,473,0.87185997,True,1,0.77811605,False,2,0.83233863,True,1,0.5989160237635077,0.4298846778670726,5.108666794140224,506
206,677,0.31282753,False,47,0.51961935,False,8,0.42487162,False,22,0.594787453981333,0.4303962931375865,5.106027342662604,645
207,473,0.81332546,True,1,0.77811605,False,2,0.7906659,True,1,0.614588351506326,0.4296903950817416,5.109669109775374,648
208,473,0.76320386,True,1,0.77811605,False,2,0.774345,True,1,0.6046247085533947,0.4301409907608608,5.107344461744706,747
209,520,0.3001421,False,60,0.22276752,False,125,0.2689132,False,64,0.5541905248433017,0.5326933242535637,4.578271301166838,89
210,722,0.24316603,False,156,0.06816778,False,387,0.25773972,False,144,0.5494219589357575,0.5270157005414422,4.607562475922581,96
211,520,0.4425956,False,12,0.3304985,False,80,0.46005467,False,8,0.34532790089195425,0.4782362806748623,4.859218200965664,132
212,722,0.09207184,False,383,0.06816778,False,387,0.19381934,False,222,0.5517160257777652,0.5297470978948412,4.593471045904953,185
213,520,0.41828936,False,11,0.3304985,False,80,0.43150645,False,12,0.43126224112092404,0.4987749837765802,4.753257895684367,228
214,520,0.4790315,False,4,0.3304985,False,80,0.50188583,False,3,0.46577522929534554,0.5082977986108121,4.704129167255155,317
215,361,0.38806936,False,26,0.77622,True,1,0.5704527,False,6,0.5532500079354724,0.516041932385894,4.664176752787551,74
216,896,0.47167316,False,13,0.31632376,False,66,0.45208094,False,13,0.5483470507474109,0.4949320107054424,4.773084006310188,88
217,556,0.11780979,False,505,0.15867044,False,431,0.11243215,False,531,0.5448180061929366,0.5759868884284,4.3549174090558305,85
218,896,0.5001091,False,5,0.31632376,False,66,0.47791877,False,10,0.5505866731666489,0.5045748144360191,4.723336248528242,162
219,556,0.12622352,False,502,0.15867044,False,431,0.123433076,False,516,0.5466131271223802,0.5347566616097857,4.567626429624521,173
220,556,0.11619151,False,530,0.15867044,False,431,0.11831124,False,534,0.5486015043700272,0.5291498196560691,4.596552437373769,247
221,893,0.40491277,False,61,0.3837525,False,77,0.4163519,False,55,0.646581482402114,0.6059004315429707,4.200591785633185,86
222,306,0.5512854,False,4,0.6883473,False,2,0.60448116,False,3,0.7120059220628305,0.5419999243355276,4.530258036603246,88
223,306,0.55753744,False,4,0.6883473,False,2,0.60783875,False,3,0.6796697047592579,0.5735829336449535,4.36731954474448,174
224,537,0.44476336,False,23,0.48145437,False,20,0.50151515,False,13,0.6945326224831511,0.4877105176019878,4.810340088646021,121
225,965,0.20621066,False,117,0.33742768,False,60,0.47423276,False,14,0.42179178368560105,0.49653938299897965,4.76479148374533,172
226,965,0.36045912,False,27,0.33742768,False,60,0.54517114,False,3,0.5344253724040432,0.49289333278383973,4.78360165846541,293
227,194,0.6587983,False,4,0.29336134,False,79,0.5646577,False,7,0.6608569633077692,0.4127447131489704,5.197092820118899,54
228,194,0.53743684,False,8,0.6435989,False,7,0.58712524,False,11,0.5567925110120665,0.592171240843055,4.271421439804804,176
229,486,0.24365157,False,123,0.3290164,False,63,0.36272928,False,53,0.614837877097584,0.6158658299967777,4.149179743831633,147
230,717,0.304666,False,100,0.17357187,False,221,0.2109375,False,200,0.5690215331286632,0.5562973965828469,4.456496586497366,203
231,483,0.30383006,False,100,0.47597983,False,22,0.40076688,False,35,0.6951462792025672,0.437519516073632,5.069278241555679,72
232,194,0.5611752,False,7,0.6435989,False,7,0.61081773,False,9,0.5812250345945358,0.5500450126018351,4.488752981269852,230
233,486,0.26276827,False,119,0.3290164,False,63,0.3740729,False,47,0.583209442326528,0.6029548464331392,4.2157882221328045,323
234,717,0.29209352,False,104,0.17357187,False,221,0.19479519,False,218,0.5882643975956099,0.5813161386166978,4.3274235125777585,350
235,483,0.36881256,False,63,0.47597983,False,22,0.41889706,False,29,0.6020432848280126,0.5251991878677069,4.616933965276269,275
236,486,0.26267835,False,125,0.3290164,False,63,0.37269515,False,57,0.5943313684087217,0.5757098936550354,4.356346440411979,377
237,717,0.3073823,False,98,0.17357187,False,221,0.20552975,False,199,0.5777338804117627,0.5849482640764675,4.3086851764408,526
238,483,0.36766857,False,59,0.47597983,False,22,0.418425,False,38,0.6065001688650434,0.5567821177088761,4.453995883398636,422
239,717,0.30819312,False,102,0.17357187,False,221,0.19762972,False,211,0.5854729260607012,0.5689155196797695,4.391398991541865,580
240,483,0.37156424,False,61,0.47597983,False,22,0.42268258,False,33,0.5918704902996188,0.5671976455878318,4.400261598996438,598
241,483,0.40492037,False,53,0.47597983,False,22,0.4561467,False,31,0.5975840938923184,0.5544055315514844,4.466256822831734,652
242,594,0.55274767,False,5,0.51907974,False,15,0.5449165,False,10,0.668643195927143,0.4974118937585999,4.760290152478564,120
243,594,0.40312645,False,18,0.45493928,False,13,0.4120235,False,21,0.5876599945260222,0.5634284958177215,4.419706851129151,169
244,439,0.4543803,False,6,0.6049954,False,3,0.47476897,False,21,0.5653618844992975,0.5869824610659309,4.2981906416623215,170
245,179,0.23553538,False,135,0.45738822,False,26,0.38669306,False,32,0.5862627593282412,0.5634284958177216,4.419706851129151,169
246,392,0.33584014,False,42,0.2764177,False,79,0.47787607,False,11,0.5903355244081467,0.5870645666566716,4.297767054378494,128
247,594,0.43907088,False,13,0.45493928,False,13,0.42576477,False,17,0.6212862373223355,0.5360167579385013,4.561125522969737,289
248,439,0.43388063,False,6,0.6049954,False,3,0.44325277,False,23,0.5764780514447738,0.5752402188035491,4.358769518948145,339
249,179,0.293395,False,65,0.45738822,False,26,0.41590962,False,23,0.575781494664759,0.5752402188035491,4.358769518948145,339
250,392,0.3597565,False,26,0.2764177,False,79,0.48613507,False,6,0.5880180250865843,0.5736150852701983,4.367153672731561,297
251,439,0.4274445,False,5,0.6049954,False,3,0.44814998,False,22,0.6005735140545436,0.5548929442819939,4.463742233596621,459
252,179,0.28544858,False,85,0.45738822,False,26,0.41479883,False,21,0.5797332003272659,0.5713107282826734,4.379041977882378,508
253,392,0.35093325,False,28,0.2764177,False,79,0.4863683,False,6,0.5797706077421758,0.5784811535470176,4.342049357353036,467
254,179,0.34753138,False,41,0.45738822,False,26,0.43617067,False,19,0.5967223714610004,0.5571899318767994,4.451891947550438,628
255,392,0.37209114,False,30,0.2764177,False,79,0.49325466,False,7,0.5818670014001476,0.5744813121063712,4.362684760573419,636
256,392,0.35929736,False,36,0.2764177,False,79,0.48909733,False,7,0.5956410005314168,0.5622480710987884,4.42579672754249,756
257,960,0.57024306,False,6,0.6262342,False,17,0.5742527,False,14,0.6212469913686315,0.5710846861053575,4.3802081419773655,192
258,296,-0.07926395,False,866,-0.1906054,False,983,0.010868662,False,584,0.6613664504114565,0.5576882949170494,4.44932086506172,143
259,372,0.08858367,False,499,0.33001566,False,118,0.34973863,False,60,0.5444610665241877,0.5804911604536147,4.331679620549997,90
260,296,-0.09028109,False,864,-0.1906054,False,983,0.014946745,False,558,0.6383726111988524,0.5653662265831841,4.409709990935761,335
261,372,0.106648706,False,463,0.33001566,False,118,0.35270095,False,56,0.6162098643605801,0.5664962687294566,4.403880041001399,233
262,372,0.11663386,False,357,0.33001566,False,118,0.3343027,False,85,0.6184854605618645,0.5685691537557459,4.393185912501129,425
263,804,0.5917877,False,12,0.6393932,False,15,0.63146156,False,10,0.45303164738066054,0.4960347687467397,4.767394816582454,85
264,949,0.3841433,False,77,0.39745736,False,75,0.441675,False,58,0.4383733482921825,0.4960347687467398,4.767394816582454,85
265,949,0.3362398,False,95,0.39745736,False,75,0.4032058,False,76,0.4457024978364215,0.4960347687467397,4.767394816582454,170
266,307,0.16711706,False,298,0.2575869,False,167,0.23752335,False,197,0.5498864625742336,0.5309448509692573,4.5872917715472585,167
267,17,0.41619882,False,37,0.4359754,False,58,0.5192357,False,22,0.6330469691505035,0.5141998921482991,4.673679940255102,144
268,17,0.45062292,False,34,0.4359754,False,58,0.5445234,False,21,0.5883916488989374,0.5231915581389743,4.627291438087224,311
269,752,0.08477394,False,622,0.0749309,False,651,0.16019854,False,306,0.40090059356171953,0.49022571979031426,4.797364021442587,129
270,392,0.42083946,False,54,0.45211533,False,51,0.5098023,False,29,0.6218527343712354,0.6374292589144502,4.037932821389044,76
271,306,0.5195894,False,7,0.3439178,False,72,0.47815084,False,17,0.6110545124326433,0.6135339832078446,4.161209870388354,70
272,494,0.040744185,False,544,0.20505425,False,216,0.19938472,False,201,0.6874729093298855,0.6284036860207795,4.084496251144839,83
273,392,0.37420216,False,77,0.45211533,False,51,0.48618042,False,31,0.48281455795939376,0.5447987391729209,4.515818796056884,205
274,306,0.54919267,False,8,0.3439178,False,72,0.485826,False,20,0.6166755046746503,0.6259726198770367,4.0970382558407685,146
275,494,0.021550918,False,633,0.20505425,False,216,0.20598711,False,195,0.6525102440827812,0.6216005540148616,4.119593985439257,153
276,306,0.5316246,False,6,0.3439178,False,72,0.46742964,False,21,0.5154574554616754,0.5622949831090833,4.425554705886713,275
277,494,0.021707831,False,608,0.20505425,False,216,0.20190732,False,196,0.6423356993750193,0.6268537486540264,4.092492463745738,229
278,494,0.0141782,False,623,0.20505425,False,216,0.20347457,False,193,0.5553381333138023,0.5776218611584429,4.34648249431248,358
279,832,0.38111246,False,32,0.16289379,False,223,0.31437027,False,66,0.5372302218207291,0.4949605078891103,4.772936987763488,168
280,553,-0.09405506,False,904,-0.052221708,False,770,-0.09583321,False,923,0.6479746351282087,0.4741459860282798,4.880320257278368,417
281,52,0.30559748,False,60,0.49164027,False,34,0.47856978,False,30,0.6789198999677725,0.49735877696234504,4.760564184968292,402
282,832,0.21600816,False,95,0.21175991,False,142,0.26472,False,81,0.6776611270605649,0.4768652311740079,4.866291521172243,343
283,52,0.389692,False,50,0.32201153,False,61,0.4675664,False,26,0.6582380637414473,0.4785087476041708,4.85781252900743,266
284,832,0.3838875,False,30,0.16289379,False,223,0.3144437,False,62,0.5658411178218417,0.45187125248322735,4.995236839635309,251
285,52,0.35676143,False,52,0.49164027,False,34,0.4903416,False,28,0.6645294818845641,0.4859392001849292,4.819478413170802,513
286,832,0.21427917,False,93,0.21175991,False,142,0.26459944,False,80,0.6694788517411222,0.474648551312953,4.877727495178247,485
287,52,0.39185622,False,50,0.32201153,False,61,0.46192634,False,30,0.6629289462122806,0.4860787176427874,4.818758634889109,430
288,832,0.37004882,False,40,0.16289379,False,223,0.3137231,False,55,0.6130383917337192,0.47546863946503193,4.87349661504324,347
289,832,0.23253638,False,92,0.21175991,False,142,0.27676582,False,76,0.658850784419767,0.46904887372951043,4.906616541544997,596
290,52,0.40898022,False,46,0.32201153,False,61,0.4737712,False,26,0.6596484674544602,0.4819119260148534,4.840255343359593,572
291,832,0.36670008,False,46,0.16289379,False,223,0.3183662,False,50,0.6314920623241805,0.4828143632447265,4.835599619777583,511
292,52,0.43286347,False,41,0.32201153,False,61,0.48285356,False,25,0.6519718123040821,0.4758450996142052,4.87155443631194,683
293,832,0.36851433,False,43,0.16289379,False,223,0.3183838,False,49,0.6354547019300563,0.479874292055364,4.850767609656533,653
294,832,0.37293538,False,43,0.16289379,False,223,0.32189313,False,49,0.6321069957854236,0.47474671998450096,4.877221037572099,764
295,251,0.19493751,False,276,0.18658318,False,332,0.17611419,False,328,0.6087592939535776,0.5249336283693452,4.618304001416205,75
296,896,0.21983275,False,198,-0.04787993,False,916,0.1223641,False,389,0.6577592911391422,0.4729093995176225,4.886699875481477,145
297,724,0.36864075,False,72,0.3833953,False,73,0.36014053,False,74,0.512308209532439,0.5441076945848824,4.519383933307707,99
298,367,0.3696209,False,18,0.31366146,False,81,0.48407602,False,5,0.5521513060611837,0.5199126703257938,4.644207401668132,85
299,686,0.049130756,False,587,0.043023054,False,513,0.0070605213,False,712,0.6686721251505178,0.49835683977859246,4.755415123697199,164
300,896,0.2360959,False,180,-0.04787993,False,916,0.13791601,False,352,0.6410547466440635,0.49064493208070986,4.795201282050134,220
301,724,0.35232767,False,79,0.3833953,False,73,0.35098755,False,83,0.598744303110193,0.5017972323522893,4.7376659481240875,244
302,367,0.38470933,False,11,0.31366146,False,81,0.4927954,False,5,0.5307139878201744,0.5329306453347599,4.577046948582904,184
303,686,0.054470375,False,568,0.043023054,False,513,-0.00445391,False,763,0.6288959419272511,0.5057152558288419,4.717452648305752,249
304,724,0.36210853,False,75,0.3833953,False,73,0.3613666,False,75,0.6010989247818352,0.5072368238923496,4.70960279450938,319
305,367,0.34399924,False,34,0.31366146,False,81,0.48213476,False,7,0.5867065987054337,0.5064775126797905,4.71352012305188,329
306,686,0.0446006,False,620,0.043023054,False,513,0.00067825953,False,743,0.5957287421942442,0.5166372427163362,4.661105513866653,348
307,367,0.36721876,False,15,0.31366146,False,81,0.48883918,False,7,0.5908005396549655,0.5099037717805742,4.695843862847237,404
308,686,0.036320165,False,660,0.043023054,False,513,0.00081801874,False,748,0.6139730212956849,0.5037761123637733,4.727456796694542,493
309,686,0.035227925,False,668,0.043023054,False,513,0.004080239,False,742,0.6132845889881883,0.5065697984560583,4.71304401562786,568
310,797,0.7436787,True,1,0.886021,True,1,0.6905445,False,2,0.6031771036069518,0.5869496185517608,4.298360078009418,173
311,797,0.90783674,True,1,0.90451086,True,1,0.9092957,True,1,0.6850491822129343,0.4983568397785924,4.755415123697199,164
312,797,0.91958356,True,1,0.9085327,True,1,0.89529073,True,1,0.6917441839851984,0.4983568397785924,4.7554151236972,164
313,797,0.8462879,True,1,0.90989774,True,1,0.85369503,True,1,0.722261891601989,0.4508201643154486,5.000659461627741,161
314,797,0.92159706,True,1,0.9085327,True,1,0.8963257,True,1,0.6883966830990663,0.49835683977859246,4.755415123697201,328
315,797,0.7901584,True,1,0.90989774,True,1,0.8169188,True,1,0.7068621868353624,0.4748079020876196,4.876905395718176,325
316,797,0.81231123,True,1,0.90989774,True,1,0.8304112,True,1,0.699546577923137,0.48270570532140195,4.8361601920138,489
317,309,0.18257955,False,247,0.17271261,False,203,0.2543064,False,154,0.5843666599807786,0.49951238499672923,4.749453602004533,102
318,797,-0.015329011,False,965,0.24322057,False,145,0.21868235,False,256,0.4666442048488831,0.34556716957711675,5.543665482943262,98
319,138,0.4706134,False,10,0.4535072,False,15,0.4832236,False,9,0.5835598581561855,0.39713450590798355,5.277626742663451,102
320,201,0.4184993,False,12,0.32199156,False,47,0.39919576,False,20,0.5338931993553133,0.4441708428555645,5.03496367880803,66
321,797,0.891934,True,1,0.61233145,False,2,0.810833,True,1,0.5151509829118949,0.46490458820012254,4.927997139808285,147
322,797,-0.009765676,False,930,0.24322057,False,145,0.2127427,False,276,0.5266826569661498,0.42407922944111903,5.1386174236645115,200
323,138,0.51051533,False,6,0.4535072,False,15,0.49781886,False,8,0.5262711880356074,0.3718665111058588,5.407985725400558,200
324,201,0.4778847,False,7,0.32199156,False,47,0.42747736,False,15,0.5640479564844143,0.41561306685167604,5.18229482472025,168
325,797,0.89795613,True,1,0.61233145,False,2,0.81638396,True,1,0.5209584302605598,0.45848004738913284,4.961141701188487,213
326,138,0.47077817,False,6,0.4535072,False,15,0.5026131,False,8,0.5458928375005327,0.414978693678272,5.185567591008523,302
327,201,0.44744927,False,9,0.32199156,False,47,0.41444716,False,18,0.528162363776587,0.3898066836452594,5.315431383012938,266
328,797,0.891951,True,1,0.61233145,False,2,0.8082537,True,1,0.5412293688172386,0.4386157768142845,5.063622571761333,315
329,201,0.45464718,False,11,0.32199156,False,47,0.39968595,False,22,0.5437407284853575,0.4202142421720255,5.1585571067551745,368
330,797,0.87793237,True,1,0.61233145,False,2,0.80095965,True,1,0.5235311943162728,0.4165364462834311,5.177531059160435,413
331,797,0.8069059,True,1,0.61233145,False,2,0.75267917,True,1,0.5355801603313789,0.43297051569849204,5.092746786092665,515
332,272,0.18201478,False,310,0.16873364,False,330,0.21170454,False,262,0.36563758010214026,0.5113204535801074,4.688535123087887,66
333,373,0.41233593,False,14,0.388482,False,28,0.37470272,False,27,0.6476683478270259,0.46769149727250425,4.913619321762116,140
334,1003,0.2689418,False,124,0.2387609,False,205,0.28588757,False,117,0.3509464480049975,0.4505252853843493,5.002180758342803,111
335,373,0.4023554,False,14,0.388482,False,28,0.3740163,False,27,0.5573089756433246,0.48166970657494024,4.841504966847072,206
336,1003,0.28345317,False,99,0.2387609,False,205,0.273394,False,128,0.5164487028858101,0.4601000649235593,4.952783941126484,251
337,1003,0.2767513,False,104,0.2387609,False,205,0.27502954,False,127,0.48504954167533,0.47076424678896045,4.897766837055356,317
338,797,0.8366149,True,1,0.6888164,True,1,0.7599243,False,2,0.6487745662268839,0.43964371979092876,5.058319357090106,152
339,797,0.91499346,True,1,0.6648888,False,2,0.8457171,True,1,0.6502149650434248,0.44919999220174955,5.009018019172761,147
340,797,0.8830185,True,1,0.90348375,True,1,0.85223955,True,1,0.7057760968390439,0.4692468283124483,4.905595282902907,144
341,797,0.9013878,True,1,0.86445147,True,1,0.8773288,True,1,0.5972915552072711,0.4527618127046733,4.990642390196683,154
342,797,0.91388214,True,1,0.6648888,False,2,0.8520546,True,1,0.6494827221667886,0.44434195405310484,5.034080906675893,299
343,797,0.8931304,True,1,0.90348375,True,1,0.8614527,True,1,0.677709133354659,0.4591200760503427,4.957839757925823,291
344,797,0.9096301,True,1,0.86445147,True,1,0.8769809,True,1,0.6497136155930942,0.46072772628695385,4.949545801437274,298
345,797,0.90338326,True,1,0.90348375,True,1,0.868285,True,1,0.6677812457622847,0.4524374436543362,4.99231582806797,443
346,797,0.9097295,True,1,0.86445147,True,1,0.874377,True,1,0.6498792299059,0.45691968828577406,4.969191680104952,445
347,797,0.9076146,True,1,0.86445147,True,1,0.8722538,True,1,0.6495979755018624,0.4525211167426979,4.99188415397722,597
348,950,0.64563346,False,4,0.6894937,False,4,0.64642984,False,4,0.5941094873817103,0.4258447880537329,5.1295088091303755,157
349,950,0.76512367,True,1,0.7073598,False,4,0.731264,False,2,0.5381539654644096,0.3934889370288213,5.2964344341446,136
350,950,0.7473776,True,1,0.67404914,False,4,0.70415384,False,2,0.6906794767047084,0.4447354595145292,5.032050790235928,129
351,950,0.7548145,False,3,0.7073598,False,4,0.73827976,False,3,0.5681369584371613,0.4108263725609412,5.206989645314453,293
352,950,0.7385634,True,1,0.67404914,False,4,0.7086704,False,2,0.6124022332002532,0.41843535740865656,5.167734471638114,265
353,950,0.7431605,True,1,0.67404914,False,4,0.7084032,False,2,0.6055966381919328,0.42119194653490527,5.153513075871018,422
354,797,0.8572345,True,1,0.8448594,True,1,0.8241374,False,2,0.679191480422842,0.45191019553849165,4.995035930259291,87
355,272,0.8367541,False,2,0.82423335,False,2,0.8315655,False,2,0.6698200766269754,0.49835683977859246,4.7554151236972,164
356,272,0.84903395,False,2,0.82423335,False,2,0.8456722,False,2,0.6730683321259411,0.48225780372724275,4.838470941111153,251
357,609,0.27619278,False,78,0.4059148,False,41,0.32159403,False,53,0.6677684959173202,0.5590444767450767,4.442324248001576,125
358,797,0.19655357,False,217,0.20143615,False,204,0.17900121,False,234,0.6498082157893058,0.5286899183342735,4.598925093729692,78
359,797,0.104921,False,385,0.20143615,False,204,0.12921578,False,334,0.6608675015824181,0.5473811488827975,4.502496001532577,203
360,473,0.0941209,False,543,-0.056293685,False,946,0.111240044,False,497,0.5547603284013215,0.492938410897389,4.783369097984375,422
361,458,0.34255478,False,87,0.37211904,False,48,0.4311765,False,28,0.5928050327091225,0.47053676288018964,4.898940439122662,554
362,64,0.27664042,False,101,0.06908235,False,416,0.20241888,False,177,0.5940389248645243,0.49960042115292347,4.748999418605519,571
363,72,0.33350062,False,87,0.36725277,False,77,0.4189502,False,36,0.5781155436895578,0.4983192824500254,4.755608884032545,533
364,568,0.5336373,False,3,0.47975773,False,11,0.53445226,False,8,0.5944775595449288,0.49163140465881616,4.79011201545866,514
365,473,0.08780775,False,561,-0.056293685,False,946,0.106582694,False,519,0.5746226073839725,0.5032198775648488,4.730326442787104,507
366,64,0.30026007,False,93,0.06908235,False,416,0.22727568,False,153,0.5951914802628712,0.4833438677361905,4.832867876819644,685
367,72,0.34755138,False,80,0.36725277,False,77,0.4218236,False,38,0.5831762794808891,0.490762495491983,4.794594765909037,646
368,568,0.52923423,False,2,0.47975773,False,11,0.54623,False,6,0.5840475756587006,0.4985109304181574,4.754620161565053,635
369,473,0.11442791,False,469,-0.056293685,False,946,0.12227351,False,453,0.5734201785485455,0.489799958201427,4.799560549028195,628
370,72,0.36772785,False,54,0.36725277,False,77,0.43258214,False,29,0.5858444926672076,0.4774358960642002,4.863347429440714,760
371,568,0.5361401,False,2,0.47975773,False,11,0.55615187,False,5,0.5875220619002606,0.49195566224263015,4.788439152649331,748
372,473,0.14507124,False,404,-0.056293685,False,946,0.12671171,False,434,0.56797946203694,0.49592826778557353,4.7679442609315945,749
373,568,0.5676783,False,2,0.47975773,False,11,0.5667458,False,5,0.5892998145983972,0.48004819521862946,4.8498704336188,862
374,473,0.14649181,False,396,-0.056293685,False,946,0.12552413,False,447,0.5731008223013784,0.49057850013149884,4.795544008150412,862
375,473,0.16229689,False,348,-0.056293685,False,946,0.12341289,False,446,0.5763553757235774,0.4802227213466426,4.848970043671477,976
376,696,0.36400655,False,54,0.01838667,False,716,0.41871852,False,17,0.4761130213737488,0.47656553176001804,4.8678376870251565,128
377,648,0.0097989505,False,810,-0.020763818,False,848,0.029870855,False,795,0.5619803240628747,0.4747510204626281,4.877198851167584,123
378,656,0.41651234,False,45,0.6221557,False,3,0.52612364,False,20,0.5721093435863872,0.44367553059708476,5.037519022144858,91
379,844,0.05247385,False,680,0.10952888,False,554,0.17285961,False,271,0.5517237202806787,0.44367553059708476,5.037519022144859,91
380,648,0.009970002,False,801,-0.020763818,False,848,0.01823921,False,809,0.5181914206994958,0.4756763489330102,4.872425030409694,251
381,656,0.37247375,False,81,0.6221557,False,3,0.5032061,False,19,0.5662875239537141,0.461536676641299,4.9453723818168,214
382,844,-0.0121309105,False,850,0.10952888,False,554,0.14720786,False,330,0.561916531933533,0.44367553059708476,5.037519022144859,182
383,656,0.20806533,False,226,0.6221557,False,3,0.3507835,False,38,0.5325380025202768,0.4671615113056149,4.916353548678407,342
384,844,0.014850996,False,811,0.10952888,False,554,0.1732316,False,319,0.561942257939792,0.4562076133953203,4.9728653138491055,305
385,844,-0.049683303,False,940,0.10952888,False,554,0.10106069,False,525,0.5365701048671511,0.4622256585470092,4.9418178860581925,433
386,458,0.26195887,False,177,0.35078284,False,103,0.30536833,False,114,0.5993876612374505,0.5641938846563199,4.415758167777764,103
387,460,0.25634456,False,194,0.34840888,False,101,0.33905303,False,86,0.5250461610420695,0.566650435837231,4.4030846843655285,106
388,5,0.11267162,False,517,0.12422353,False,453,0.17363475,False,318,0.5708047577851936,0.5273134137701138,4.606026556909579,79
389,460,0.29370552,False,116,0.34840888,False,101,0.3760255,False,60,0.561683359702951,0.5654397909968778,4.4093304680567265,209
390,5,0.09850653,False,545,0.12422353,False,453,0.1680034,False,342,0.5445863185702143,0.5498524642518133,4.489746348857313,185
391,5,0.09787435,False,550,0.12422353,False,453,0.17504774,False,305,0.5641854098713439,0.5549815139103695,4.463285297985113,288
392,942,0.24995288,False,188,0.3441333,False,58,0.28424203,False,120,0.44678411468610923,0.4893062009660661,4.802107869914749,118
393,615,0.21119207,False,263,0.15430246,False,409,0.26661155,False,160,0.6799927816099051,0.35316457994536093,5.504470022646689,98
394,615,0.8054255,False,3,0.78003895,False,2,0.7668694,False,3,0.7001235274473826,0.3302833908717466,5.62251534261806,150
395,939,0.8527174,True,1,0.84851444,True,1,0.8053054,True,1,0.6568472520510356,0.3302833908717466,5.622515342618059,150
396,615,0.23912965,False,181,0.15430246,False,409,0.30471912,False,97,0.5525917506052388,0.4275382432807461,5.120772179950536,216
397,615,0.79640585,False,3,0.78003895,False,2,0.75380725,False,3,0.692168635947089,0.33932515107019096,5.575868401661632,248
398,939,0.86001843,True,1,0.84851444,True,1,0.8132527,True,1,0.6784853897492091,0.3302833908717466,5.622515342618061,300
399,615,0.79903466,False,3,0.78003895,False,2,0.7459798,False,3,0.6130555935733305,0.38767969721148404,5.326404623666734,366
400,939,0.8516511,True,1,0.84851444,True,1,0.8125122,True,1,0.6788565565892799,0.3359174525029381,5.593448907047221,398
401,939,0.85111654,True,1,0.84851444,True,1,0.81331956,True,1,0.6257857268517332,0.3709947244383045,5.412483321036306,516
402,800,0.3085239,False,107,0.6006749,True,1,0.45172372,False,25,0.593285935335472,0.40580468760753485,5.232896795734526,122
403,568,0.08304472,False,456,0.12858069,False,378,0.07846323,False,483,0.7180364002995457,0.40262912509901533,5.249279698353846,141
404,568,0.073561184,False,476,0.12858069,False,378,0.05076052,False,558,0.6601673633200135,0.4041021997227392,5.241680024895454,263
405,335,0.29638848,False,106,0.28401694,False,130,0.29194784,False,136,0.4885687736659935,0.4240557797261436,5.138738402041054,97
406,335,0.2851404,False,152,0.2868395,False,151,0.310359,False,122,0.5409052551371379,0.5244116355034091,4.620996991482585,103
407,494,0.16173154,False,412,0.5564251,False,3,0.27627224,False,149,0.6854461495692913,0.53113927269064,4.586288739133333,130
408,335,0.26667082,False,174,0.2868395,False,151,0.29821572,False,131,0.5155220616236329,0.4757390454514354,4.872101575603442,200
409,494,0.11336452,False,556,0.5564251,False,3,0.2330909,False,230,0.6215503893696699,0.5281652528181731,4.6016318721460925,233
410,494,0.090319894,False,610,0.5564251,False,3,0.19602296,False,279,0.5824618538446499,0.49756337739415235,4.759508640024308,330
411,896,0.10984024,False,442,0.104800195,False,457,0.018561427,False,761,0.7379669473882307,0.330162772755183,5.623137618152706,57
412,824,0.37144378,False,39,0.416232,False,37,0.44315833,False,11,0.3915359599417762,0.494141716983997,4.777161175329649,76
413,717,0.26921937,False,95,0.15640214,False,365,0.24476118,False,143,0.6344730103132772,0.42731816118737015,5.121907595642831,102
414,824,0.40077558,False,22,0.416232,False,37,0.4415158,False,11,0.5400063831331139,0.4238650266002196,5.139722507968102,133
415,717,0.2463705,False,146,0.15640214,False,365,0.24517412,False,153,0.5307470786939846,0.45584956703312096,4.974712494834955,178
416,717,0.17918132,False,297,0.15640214,False,365,0.2260502,False,198,0.5810089191857805,0.42536383395294025,5.131990077937559,235
417,107,0.40111515,False,23,0.30354622,False,65,0.3937426,False,21,0.5218822373740974,0.3686614044245291,5.424521048041472,87
418,696,0.21831146,False,272,0.28582504,False,180,0.29830098,False,132,0.5070758041095089,0.4294506115501816,5.110906166276931,74
419,696,0.3118572,False,81,0.28582504,False,180,0.31635958,False,103,0.515076795997827,0.39660178533942525,5.280375077540999,161
420,776,0.24750079,False,180,0.20429392,False,279,0.24324058,False,185,0.4735197398100006,0.4718132161191878,4.892355146263045,89
421,268,0.40140718,False,58,0.35396177,False,52,0.3932185,False,53,0.5908537448188405,0.5340693959989636,4.571172070922873,81
422,181,0.058557324,False,657,0.062866785,False,532,0.047195315,False,738,0.44514273865181103,0.330162772755183,5.623137618152704,57
423,268,0.39242816,False,64,0.35396177,False,52,0.39192602,False,54,0.5294259421965655,0.5014764547677868,4.739320857424492,170
424,181,0.05130984,False,679,0.062866785,False,532,0.04925485,False,734,0.5306687640107196,0.44984709509392384,5.0056795795612805,138
425,181,0.05683835,False,653,0.062866785,False,532,0.054170974,False,703,0.508262318398984,0.4584593628086749,4.961248414083118,227
426,44,0.5812732,False,8,0.38202664,False,38,0.51294845,False,10,0.6299982039551986,0.5722977081206516,4.373950094309168,152
427,1013,0.28222904,False,116,0.27049106,False,141,0.30766395,False,70,0.6725790514035171,0.43237498350429804,5.0958191696209285,89
428,268,0.028548228,False,636,0.119461335,False,319,0.08916779,False,436,0.6668920538004707,0.42739153868611496,5.1215290370683535,85
429,750,0.04873962,False,614,-0.08236483,False,982,0.04252148,False,636,0.714990660809634,0.330162772755183,5.623137618152706,57
430,1013,0.2901392,False,108,0.27049106,False,141,0.30884194,False,78,0.6457230812286441,0.5206250006897161,4.640532449922224,241
431,268,0.051624708,False,562,0.119461335,False,319,0.1007384,False,396,0.6698009203905346,0.42994054207012816,5.108378587626855,174
432,750,0.050313223,False,613,-0.08236483,False,982,0.051911965,False,611,0.6861992411210504,0.38836309038989586,5.322878960461368,142
433,268,0.054812405,False,584,0.119461335,False,319,0.10766145,False,402,0.6512425986170037,0.4963156624372434,4.7659456704971355,326
434,750,0.05380246,False,612,-0.08236483,False,982,0.05163445,False,614,0.6809516355588838,0.40532005353786893,5.2353970497046625,231
435,750,0.12453628,False,414,-0.08236483,False,982,0.07525114,False,540,0.6607299081339226,0.4715879477848218,4.893517318059454,383
436,847,0.20995675,False,164,0.16211186,False,268,0.102475524,False,429,0.7500436818390562,0.330162772755183,5.623137618152706,57
437,268,0.21208356,False,219,0.2771873,False,157,0.22390597,False,213,0.5797216091466987,0.5570062010544939,4.45283982502472,115
438,268,0.24013887,False,162,0.2771873,False,157,0.25600398,False,162,0.636165551841259,0.4818313440018154,4.840671070421785,172
439,40,0.5081227,False,8,0.2924586,False,118,0.4907411,False,12,0.6302805006878931,0.44535223725160034,5.028868799776884,159
440,610,0.38810018,False,58,0.44039816,False,45,0.37826806,False,64,0.5937154139791216,0.5337239476198491,4.572954258217202,70
441,610,0.35561058,False,76,0.44039816,False,45,0.37440625,False,70,0.6191033999472206,0.4723654238270475,4.8895062761560215,229
442,361,0.33154845,False,112,0.38261536,False,60,0.34750986,False,94,0.7513332837506345,0.36201993428944246,5.458784759802879,76
443,322,0.18765245,False,311,0.18932061,False,330,0.21256362,False,267,0.6500742372238275,0.5286294370986999,4.599237119769187,66
444,322,0.17653418,False,321,0.18932061,False,330,0.2062461,False,281,0.7042692198719777,0.4394581539050128,5.0592767017590505,142
445,444,0.25897935,False,233,0.34815904,False,73,0.30629444,False,146,0.48079051956534385,0.37233871388916545,5.405549605124314,100
446,260,0.04328425,False,705,0.10842675,False,555,0.074102566,False,669,0.6186864806546105,0.45337041137297024,4.987502596005826,36
447,154,0.06389322,False,661,-0.07865653,False,917,0.08453289,False,629,0.6732557490468025,0.4175579004609517,5.172261320562777,112
448,260,0.040597096,False,725,0.10842675,False,555,0.080258824,False,651,0.517292391618385,0.39378828087017265,5.294890102710597,136
449,154,0.047310513,False,689,-0.07865653,False,917,0.0802134,False,629,0.6599821432216747,0.4262690517638751,5.127320009184059,148
450,154,0.06529281,False,657,-0.07865653,False,917,0.08966602,False,596,0.5877274562634768,0.4045229477821374,5.239509362385775,248
451,155,0.38681236,False,12,0.41083664,False,17,0.46080276,False,10,0.4338061378647884,0.45388219928491047,4.984862253861538,120
452,782,0.4107366,False,25,0.37130266,False,37,0.45599523,False,21,0.5952368509930533,0.5055029222982909,4.718548088733865,185
453,416,0.6636621,True,1,0.6556712,True,1,0.6182006,True,1,0.602365099974261,0.5426011763805039,4.527156144048433,131
454,782,0.43661833,False,21,0.37130266,False,37,0.46347544,False,20,0.5317231277950475,0.4851931296372888,4.823327432390655,305
455,416,0.65730053,False,2,0.6556712,True,1,0.61633396,True,1,0.5981919162352628,0.5208822618070563,4.639205225588955,316
456,416,0.6645733,False,2,0.6556712,True,1,0.6270903,True,1,0.5529481240232056,0.5024418776266493,4.734340187498841,436
457,886,0.40700275,False,25,0.54406536,False,6,0.5084454,False,6,0.6609247168808272,0.6481543786070252,3.9826013356971046,132
458,274,0.64544016,False,3,0.5099438,False,7,0.6320526,False,5,0.6876017132709766,0.45548932683027543,4.976570993966037,116
459,886,0.40055436,False,24,0.64085555,True,1,0.5335348,False,4,0.5667834837062686,0.45947648594902757,4.956001019545755,102
460,274,0.6505925,False,3,0.5099438,False,7,0.6343672,False,5,0.673402666805252,0.5580368543888681,4.447522627468057,248
461,886,0.38751653,False,37,0.64085555,True,1,0.5381778,False,3,0.6310720829241866,0.45735487834455396,4.966946510521686,218
462,886,0.42521003,False,17,0.64085555,True,1,0.5358192,False,6,0.6423307905878339,0.5293135470149717,4.595707758873558,350
463,197,-0.002340888,False,745,-0.06690129,False,904,0.03680258,False,663,0.7284238141562257,0.40466742827536284,5.2387639795301215,84
464,136,0.2596596,False,132,0.3415399,False,72,0.21875921,False,162,0.4831878214046873,0.4326397581774012,5.094453182437912,116
465,875,0.2418342,False,233,0.11947671,False,330,0.19071868,False,334,0.4314942383263485,0.49869578484434335,4.753666487356206,83
466,136,0.23775898,False,179,0.3415399,False,72,0.2079721,False,197,0.5861869383603334,0.4208913796185451,5.15506371721664,200
467,875,0.29891703,False,138,0.11947671,False,330,0.22230265,False,256,0.46162718122628466,0.46019076427466843,4.952316018157602,199
468,875,0.29385138,False,144,0.11947671,False,330,0.22217107,False,253,0.5408177012478926,0.4437103394550866,5.037339441321176,283
469,673,0.30740413,False,69,0.3059676,False,57,0.36030376,False,27,0.6468776835174095,0.31576649920794364,5.697408789629495,82
470,145,0.402361,False,14,0.23747694,False,212,0.43916675,False,11,0.6960876009681009,0.3818403758315982,5.356530005633846,110
471,501,0.21784285,False,212,0.33590868,False,46,0.24308696,False,119,0.6208412295732743,0.42159002855114425,5.151459348731639,117
472,145,0.42606595,False,9,0.23747694,False,212,0.4365055,False,11,0.6750708653902014,0.3536213243569124,5.5021136529653205,192
473,501,0.23032294,False,192,0.33590868,False,46,0.24579023,False,106,0.6573042289275955,0.40232808229938183,5.2508327948075975,227
474,501,0.24879985,False,160,0.33590868,False,46,0.2524228,False,99,0.6545373139643746,0.37935704730424286,5.36934163485742,309
475,176,0.24439721,False,107,0.29880404,False,72,0.21409139,False,161,0.6397878236994885,0.4823837705648875,4.837821071228616,101
476,970,0.37822294,False,23,0.25024393,False,109,0.20879745,False,156,0.5764661551115917,0.4803512158047011,4.848307133655425,301
477,602,0.08084977,False,153,0.12468303,False,120,0.15925801,False,78,0.5954812912959752,0.4864950489531219,4.8166107586321365,254
478,840,-0.1145097,False,991,-0.23760974,False,1022,-0.041649383,False,779,0.6249955493856121,0.47384480786308275,4.881874052090547,259
479,717,0.18607377,False,163,0.33812177,False,64,0.33179352,False,54,0.5970330309608708,0.4872330912793605,4.8128031574505306,253
480,176,0.26147872,False,93,0.29880404,False,72,0.21518168,False,165,0.6408849645996354,0.49645700226981926,4.765216490483481,183
481,602,0.09143122,False,132,0.12468303,False,120,0.16789655,False,77,0.6092652480062911,0.4785923385305876,4.857381278794697,389
482,840,-0.10180197,False,951,-0.23760974,False,1022,-0.044914313,False,763,0.5873840623392779,0.4816678680928185,4.841514451678024,425
483,717,0.23176117,False,117,0.33812177,False,64,0.33607993,False,57,0.6291414241025175,0.48345066224299627,4.832316918052312,341
484,176,0.29262173,False,68,0.29880404,False,72,0.23737067,False,129,0.609231432278951,0.4858495280246662,4.819941036805296,354
485,840,-0.10907337,False,959,-0.23760974,False,1022,-0.058578268,False,785,0.5989109999633261,0.4773420021317027,4.863831833431669,560
486,717,0.24581188,False,97,0.33812177,False,64,0.34528717,False,51,0.5962556308131717,0.4868633422638484,4.814710713072085,507
487,176,0.31586882,False,57,0.29880404,False,72,0.2669166,False,109,0.6315741986710561,0.48320687025320214,4.8335746544116045,442
488,717,0.24860243,False,100,0.33812177,False,64,0.33331272,False,59,0.6044447637189214,0.4819974949876585,4.839813888296139,642
489,176,0.3753154,False,27,0.29880404,False,72,0.31934997,False,63,0.6034871299604052,0.4861192028862249,4.818549769279009,608
490,176,0.2756627,False,74,0.29880404,False,72,0.2763373,False,110,0.6092491366099542,0.48205000351161564,4.839542993916839,743
491,184,0.70263594,True,1,0.673459,True,1,0.6803846,False,2,0.7477252700112083,0.5286294370986998,4.599237119769187,66
492,881,0.28276828,False,142,0.3623619,False,97,0.30662337,False,127,0.6801060993095924,0.5853732509483619,4.306492645663007,87
493,691,0.5709664,False,20,0.73866713,False,9,0.6446255,False,16,0.6300615725365091,0.5831404499759228,4.318011789374288,94
494,881,0.31016695,False,116,0.3623619,False,97,0.32043877,False,116,0.7092751533377404,0.560895527326939,4.432774575669595,153
495,691,0.52792245,False,23,0.73866713,False,9,0.64008045,False,16,0.6541161240793724,0.5842136747527306,4.312474963391518,181
496,691,0.44831184,False,43,0.73866713,False,9,0.6004679,False,17,0.6791290942473933,0.5693612063917346,4.389099669144256,247
497,631,0.25627398,False,159,0.3666346,False,38,0.30090675,False,89,0.45091815988222755,0.47665113976394874,4.867396030597966,90
498,905,0.26351744,False,120,0.1522578,False,246,0.14916293,False,263,0.614318898664071,0.4920691979203242,4.787853415808539,260
499,129,0.044045918,False,472,-0.056540914,False,802,0.088906705,False,395,0.6004886050613559,0.47430137465611905,4.879518598752922,245
500,308,-0.102977514,False,1006,-0.1140305,False,998,-0.036279213,False,914,0.6343542543281034,0.48875134305759993,4.8049704125532795,249
501,266,0.27547356,False,104,0.33198622,False,65,0.24119045,False,139,0.6042866828700004,0.519854683084871,4.644506561051281,203
502,631,0.22487709,False,216,0.3666346,False,38,0.28005445,False,119,0.541834856199129,0.49754637334872137,4.759596364835168,197
503,129,0.030000113,False,485,-0.056540914,False,802,0.07910823,False,407,0.6323626117180969,0.4823840391896866,4.83781968537842,413
504,308,-0.12020362,False,1015,-0.1140305,False,998,-0.045971673,False,924,0.597158570618224,0.4886108635954114,4.805695153868519,341
505,266,0.29070938,False,89,0.33198622,False,65,0.22936743,False,146,0.6295310157570946,0.49667729604574457,4.764079982709207,356
506,631,0.25058466,False,166,0.3666346,False,38,0.2805615,False,123,0.5571768976519132,0.5065839701194,4.712970903232857,293
507,308,-0.051166575,False,942,-0.1140305,False,998,-0.0065584634,False,864,0.6241200844407784,0.4904461215729404,4.79622695645577,509
508,266,0.29375765,False,101,0.33198622,False,65,0.21443401,False,168,0.6022096090683979,0.49494271753789726,4.773028769169366,448
509,631,0.22816023,False,196,0.3666346,False,38,0.2647323,False,146,0.5934880627778614,0.4926361434328262,4.78492851255223,446
510,266,0.21926372,False,145,0.33198622,False,65,0.2209141,False,168,0.6231103169840652,0.494732319564236,4.774114223952432,616
511,631,0.15287183,False,307,0.3666346,False,38,0.2072378,False,238,0.5769006305800052,0.4918827881705081,4.788815114018016,538
512,631,0.05121149,False,615,0.3666346,False,38,0.06834366,False,586,0.6011594754271737,0.49242735330074333,4.786005672391664,706
513,655,0.3079428,False,87,0.40206087,False,54,0.4009254,False,52,0.5988757007178807,0.5470470980696319,4.504219388153786,210
514,610,0.2731324,False,128,0.11440103,False,440,0.23644538,False,160,0.6392044011503458,0.5622843063663393,4.42560978779305,80
515,711,0.36277923,False,87,0.4431762,False,30,0.45176995,False,34,0.6966472791902947,0.5286294370986998,4.599237119769187,66
516,320,0.28590757,False,122,0.31995457,False,87,0.3665345,False,67,0.5591203994968886,0.5981121785199139,4.240771813741292,93
517,610,0.26544806,False,135,0.11440103,False,440,0.22642086,False,174,0.610000859457871,0.5512504658756202,4.482533981157721,290
518,711,0.38282278,False,72,0.4431762,False,30,0.46316683,False,28,0.6651717295793638,0.5470704613549406,4.504098855672673,146
519,320,0.31595802,False,97,0.31995457,False,87,0.37893477,False,66,0.6162070288035855,0.5692702858545043,4.38956873322457,159
520,711,0.38732165,False,71,0.4431762,False,30,0.45326382,False,32,0.6260645215430957,0.5470566796416968,4.504169956293555,356
521,320,0.3407573,False,86,0.31995457,False,87,0.37956887,False,66,0.6239048940242584,0.5669318826785494,4.4016326845445635,239
522,320,0.318278,False,89,0.31995457,False,87,0.36957744,False,67,0.6121985898052398,0.5576316493425302,4.449613102713687,449
523,201,0.008243976,False,775,-0.022396475,False,864,0.010334157,False,777,0.38470314097577246,0.502095015093269,4.736129670493243,69
524,885,0.0050028246,False,796,-0.053155284,False,884,-0.069654025,False,960,0.6213449562798027,0.4104619537432675,5.208869702150551,119
525,376,0.22371082,False,216,0.13545518,False,438,0.18541576,False,323,0.7551608928526291,0.3671626805387358,5.43225304746152,99
526,326,0.1290211,False,324,0.080411255,False,511,0.1645699,False,279,0.6752587209773969,0.6017251559525361,4.2221322633354506,79
527,656,0.32371435,False,97,0.29763323,False,76,0.3369639,False,102,0.5454283244907856,0.45624793214546294,4.972657307187121,100
528,885,0.068443984,False,582,-0.053155284,False,884,-0.03676551,False,889,0.5344923751309831,0.44409323689832125,5.035364052233773,188
529,376,0.21731184,False,239,0.13545518,False,438,0.1882124,False,322,0.6821145788518661,0.39079852233387,5.310314432360578,218
530,326,0.12762082,False,335,0.080411255,False,511,0.18442526,False,247,0.7196986929754193,0.47126625108755715,4.895176969113433,178
531,656,0.3027646,False,116,0.29763323,False,76,0.33568895,False,99,0.6027277732195135,0.5204529638815455,4.6414199973307975,179
532,376,0.2167048,False,235,0.13545518,False,438,0.18900758,False,314,0.6106114805471606,0.4175562157150496,5.172270012260069,287
533,326,0.12993744,False,336,0.080411255,False,511,0.1772431,False,262,0.6802909668246504,0.446903586495064,5.020865303225948,297
534,656,0.31576374,False,93,0.29763323,False,76,0.34865132,False,83,0.6570115100672776,0.4658639780868038,4.9230475943197956,278
535,326,0.13950905,False,320,0.080411255,False,511,0.20051701,False,229,0.6245653930990422,0.4573085279521027,4.967185634759947,366
536,656,0.31658792,False,95,0.29763323,False,76,0.3423508,False,93,0.6463205279496215,0.44925732595360274,5.008722231175866,397
537,656,0.319729,False,94,0.29763323,False,76,0.3433963,False,93,0.6075831895350386,0.4570809322854417,4.968359813392387,466
538,25,0.42947277,False,58,0.21342447,False,191,0.46212217,False,25,0.5600133532037338,0.44208155540700034,5.04574242831202,96
539,277,0.66279083,False,3,0.7193528,False,3,0.7207622,False,2,0.6747483959500219,0.4931793055806409,4.782126308989782,142
540,309,0.09060359,False,408,0.01767249,False,607,0.147304,False,321,0.6293584766304668,0.39255927100396415,5.301230632585935,136
541,193,0.31153175,False,70,-0.13995028,False,998,0.1770406,False,277,0.6099043646637274,0.4400406264317016,5.056271693777765,98
542,277,0.6846212,False,3,0.7193528,False,3,0.7322577,False,2,0.6284687148422754,0.4725684483677438,4.888458861321442,238
543,309,0.12495424,False,320,0.01767249,False,607,0.14130549,False,339,0.6525432555634769,0.44395511600356163,5.036076625569194,278
544,193,0.29199466,False,91,-0.13995028,False,998,0.19639316,False,239,0.6212110280290118,0.4124446249865209,5.1986409915466165,234
545,309,0.121299915,False,336,0.01767249,False,607,0.13881108,False,345,0.628792264583436,0.44347420205364213,5.038557687235802,374
546,193,0.3353904,False,64,-0.13995028,False,998,0.23579556,False,166,0.6414299276162018,0.442934850104513,5.041340233772493,376
547,193,0.3090582,False,70,-0.13995028,False,998,0.23017642,False,171,0.6248706243458694,0.44276129864061214,5.042235595373753,472
548,182,0.14993735,False,322,0.20243649,False,175,0.12612487,False,351,0.6193421370520884,0.5001171153349783,4.746333764742348,98
549,526,0.49349377,False,11,0.83492184,True,1,0.6377609,False,4,0.695361842427935,0.47802917007019274,4.860286696030279,140
550,494,-0.03443706,False,709,0.077375144,False,199,-0.030004824,False,727,0.551646729887918,0.44973788633997674,5.006242993563145,86
551,494,0.039675623,False,333,0.08450285,False,191,0.089047104,False,235,0.6622857095902426,0.5095318211419257,4.697762776764323,114
552,526,0.4925912,False,13,0.19871868,False,252,0.43080208,False,20,0.5674884157464993,0.45151021868398467,4.997099432974099,151
553,526,0.48002675,False,9,0.83492184,True,1,0.6599516,False,3,0.6640596108025864,0.48712420635569265,4.813364900794073,238
554,494,-0.042509153,False,760,0.077375144,False,199,-0.034566086,False,756,0.6406737907534152,0.46726346033214594,4.915827588011812,226
555,494,0.04828254,False,293,0.08450285,False,191,0.061113402,False,302,0.614710948318243,0.4838204291770877,4.8304092699878165,200
556,526,0.61259866,False,5,0.19871868,False,252,0.5150386,False,12,0.6082691383811663,0.4764704552130612,4.868328192189516,265
557,494,-0.040876344,False,771,0.077375144,False,199,-0.006135759,False,604,0.6342216238931373,0.477200676968805,4.864560937763641,324
558,494,0.046961684,False,289,0.08450285,False,191,0.08395811,False,223,0.647920140010469,0.48143579307424855,4.842711739534712,340
559,526,0.65426236,False,4,0.19871868,False,252,0.5354026,False,10,0.5943958417133048,0.469920595033331,4.902119283124365,351
560,494,0.085783675,False,197,0.08450285,False,191,0.14029159,False,130,0.6415259749649866,0.4856156323015351,4.821147717777517,438
561,526,0.6360918,False,4,0.19871868,False,252,0.5186583,False,12,0.6231845180881485,0.4722326123554505,4.890191457883689,491
562,526,0.6962904,False,4,0.19871868,False,252,0.62127143,False,4,0.6225452085099925,0.4768721391669848,4.866255882454399,589
563,184,-0.006771992,False,807,0.017744502,False,558,-0.028613532,False,835,0.6869216171177951,0.4446535553069373,5.032473338572951,55
564,162,0.26121223,False,177,0.29771575,False,131,0.26513892,False,169,0.5927863085811789,0.5860962584728173,4.302762609855363,110
565,162,0.27218097,False,160,0.29771575,False,131,0.26284194,False,167,0.6241647447600509,0.5389486907508573,4.545999519427893,165
566,266,0.5673622,False,4,0.5087324,False,5,0.5845751,False,3,0.622599558159709,0.5622843063663394,4.425609787793051,80
567,655,0.5884417,False,3,0.4347065,False,13,0.5842949,False,5,0.667189821228385,0.5622843063663394,4.42560978779305,80
568,655,0.5636361,False,4,0.4347065,False,13,0.57448554,False,5,0.644894689694047,0.5622843063663394,4.42560978779305,160
569,740,0.13521169,False,443,0.0500757,False,575,0.07314197,False,561,0.5573430047716413,0.46960509547900786,4.90374696277515,175
570,923,0.18412359,False,332,0.23132013,False,118,0.22917716,False,164,0.655996689484233,0.5349211445467269,4.5667778530554175,84
571,524,0.23895575,False,150,0.26291344,False,102,0.25146562,False,88,0.6265903581849864,0.5010631484725966,4.741453127461024,122
572,923,0.16836512,False,394,0.23132013,False,118,0.23794447,False,160,0.5893387944081575,0.4907886789604302,4.79445968394713,259
573,524,0.2319631,False,158,0.26291344,False,102,0.22441843,False,126,0.638581289394388,0.5148693216290382,4.67022631653835,206
574,524,0.24224274,False,149,0.26291344,False,102,0.2564719,False,89,0.6012671166674046,0.4940786665732499,4.7774864558859615,381
575,809,0.40741727,False,50,0.12394043,False,468,0.4151157,False,43,0.5295151569185214,0.5356490399362467,4.563022600481564,221
576,58,0.10697261,False,388,0.118306406,False,369,0.21472567,False,169,0.5146916499643615,0.5372748937727596,4.5546347306142945,99
577,471,0.36101347,False,41,0.14363348,False,213,0.33758816,False,47,0.6528484453274696,0.4555322038627424,4.976349788984046,216
578,58,0.09816616,False,427,0.118306406,False,369,0.19829623,False,190,0.5249291344545781,0.5361520384669178,4.5604276032413775,320
579,471,0.38875505,False,32,0.14363348,False,213,0.33848906,False,46,0.60942773821335,0.48122276354874777,4.843810770639267,315
580,471,0.41571295,False,28,0.14363348,False,213,0.35419813,False,39,0.5764787074929075,0.5036634484025486,4.7280380363018555,536
581,526,0.87854713,True,1,0.8404099,True,1,0.8513675,True,1,0.7267824976959012,0.4725761787634491,4.888418979782435,88
582,534,0.718475,False,5,0.74011797,False,4,0.6841486,False,5,0.7231193503195589,0.4725761787634491,4.888418979782435,88
583,643,0.47977644,False,20,0.47673878,False,18,0.49224836,False,20,0.6665669361218101,0.44184594269231864,5.046957967338617,336
584,534,0.8141665,False,2,0.74011797,False,4,0.7413379,False,4,0.7249509240077301,0.4725761787634491,4.888418979782435,176
585,643,0.46233693,False,21,0.47673878,False,18,0.48137468,False,21,0.6783042296345504,0.4482239162165155,5.01405364916658,424
586,643,0.44861525,False,22,0.47673878,False,18,0.46842557,False,23,0.686636431957595,0.45240946134176974,4.99246019036618,512
587,426,0.4305858,False,17,0.41608104,False,28,0.47840393,False,13,0.5458714714211025,0.5535151643339293,4.4708502765526115,89
588,85,0.5991629,False,5,0.4571557,False,19,0.5433519,False,6,0.6001506707306659,0.5535151643339293,4.4708502765526115,89
589,11,0.00055737206,False,807,0.10207814,False,358,0.02779664,False,717,0.5650033813876074,0.5562785904798868,4.456593608222688,74
590,85,0.5819481,False,5,0.4571557,False,19,0.52192605,False,8,0.5730110710758841,0.5535151643339293,4.4708502765526115,178
591,11,0.052451234,False,528,0.10207814,False,358,0.049007025,False,607,0.5841942326240013,0.5547697258971248,4.464377924059272,163
592,11,0.04115279,False,539,0.10207814,False,358,0.06983617,False,494,0.5706596066436124,0.5543266466148852,4.466663794582713,252
593,675,0.47156715,False,13,0.3965234,False,36,0.451904,False,16,0.6022963938189716,0.4712766746111034,4.895123193578941,123
594,675,0.7280478,False,2,0.6405884,False,7,0.71668214,False,3,0.6722656528864588,0.4432681845998796,5.039620542674428,70
595,526,0.64020175,False,7,0.7069403,False,4,0.59975517,False,8,0.5973364286448645,0.42481065880817903,5.134843939105064,92
596,675,0.73817277,False,2,0.6405884,False,7,0.7155156,False,3,0.627673845294226,0.46111815491791347,4.947531558535854,193
597,526,0.6346478,False,7,0.7069403,False,4,0.5941228,False,8,0.6297132539344422,0.43278613291570406,5.093698027067134,162
598,526,0.63958377,False,7,0.7069403,False,4,0.59801936,False,8,0.6178807143056602,0.44939784038424485,5.007997309456441,285
599,526,0.75062025,False,2,0.7491749,False,2,0.7269491,False,2,0.6235436695926594,0.44152060558588163,5.048636399464866,689
600,157,0.35894737,False,16,0.37688696,False,18,0.3719236,False,16,0.6489518688794988,0.4546356116860672,4.980975357613321,322
601,855,0.7346485,False,3,0.6482399,False,3,0.667275,False,4,0.7246434060716818,0.4344713647648649,5.0850038227484635,253
602,946,0.28700593,False,57,0.2670109,False,58,0.31166226,False,42,0.717627301759703,0.43774216697353613,5.068129573248427,284
603,534,0.78624934,True,1,0.77398115,True,1,0.7262907,True,1,0.652500714694307,0.4419253113799934,5.0465484998890835,551
604,526,0.6827816,False,2,0.7491749,False,2,0.6865731,False,2,0.6331525421029405,0.44371722387305323,5.037303924228115,790
605,855,0.71188074,False,4,0.6482399,False,3,0.6412306,False,5,0.6700779973522514,0.4486681650411763,5.0117617449091005,413
606,946,0.27714804,False,55,0.2670109,False,58,0.2974624,False,45,0.7172420950511754,0.4413846466004249,5.0493378193906215,354
607,534,0.7963585,True,1,0.77398115,True,1,0.7485363,True,1,0.6609415496999331,0.4394765586014446,5.059181750912209,643
608,526,0.69153893,False,2,0.7491749,False,2,0.6719824,False,2,0.6446881037328084,0.44204755057753037,5.045917861108037,881
609,946,0.287346,False,62,0.2670109,False,58,0.3146928,False,46,0.6757025930320243,0.4506398088969755,5.00158992520696,514
610,534,0.76412094,True,1,0.77398115,True,1,0.7282716,True,1,0.6663155181001648,0.44111474986927773,5.050730231554386,713
611,526,0.7926396,False,2,0.7491749,False,2,0.744605,False,2,0.6510048736373053,0.4404177519724119,5.054326082254724,973
612,534,0.726164,True,1,0.77398115,True,1,0.6254435,True,1,0.6511917475094637,0.4466134175639061,5.022362300790807,873
613,526,0.75843555,False,2,0.7491749,False,2,0.71681756,False,2,0.655345436239174,0.44147446035016574,5.048874465288181,1043
614,526,0.6635292,False,2,0.7491749,False,2,0.6016354,False,4,0.6458293609042417,0.44541692354257517,5.028535079623998,1203
615,106,0.84527075,True,1,0.7772813,False,4,0.7582167,True,1,0.5321870748049173,0.4560590442574146,4.973631790248804,117
616,149,0.5670237,False,3,0.5874781,False,8,0.6063413,False,5,0.6031292853809946,0.46549577244643114,4.924947187583643,139
617,526,0.7154627,False,2,0.7870738,True,1,0.7485063,False,2,0.6211471509912031,0.46549577244643103,4.924947187583643,139
618,534,0.90915006,True,1,0.87930346,True,1,0.8639645,True,1,0.6578577454423621,0.44184594269231864,5.046957967338616,336
619,149,0.56340635,False,3,0.5874781,False,8,0.60830563,False,5,0.5707064782036468,0.46118289276629465,4.947197572395455,256
620,526,0.69632167,False,2,0.7870738,True,1,0.74680346,False,2,0.6121382181860989,0.46549577244643114,4.924947187583644,278
621,534,0.91223395,True,1,0.87930346,True,1,0.8640322,True,1,0.6471150662240229,0.44876662971510106,5.011253760210319,475
622,526,0.71180445,False,2,0.7870738,True,1,0.75477487,True,1,0.588456487108635,0.4627005896663933,4.939367690145223,395
623,534,0.914782,True,1,0.87930346,True,1,0.86730003,True,1,0.6371573731667249,0.4525538460663305,4.991715301586365,614
624,534,0.91184473,True,1,0.87930346,True,1,0.8648903,True,1,0.6203563815000609,0.45311486957981456,4.988820950250531,731
625,534,-0.11300781,False,977,-0.078806624,False,921,-0.08303598,False,951,0.5737126707197069,0.4962447304291807,4.7663116126499245,143
626,534,0.6958519,False,2,0.54222,False,8,0.6042594,False,3,0.568351599683122,0.4988252015205449,4.752998819565749,82
627,534,0.7255341,True,1,0.91044676,True,1,0.771445,True,1,0.6646019705680496,0.4439280094616067,5.036216469718383,358
628,534,0.7012948,False,2,0.54222,False,8,0.5896623,False,3,0.5717588581641515,0.497185168782478,4.7614598391703575,225
629,534,0.654374,False,2,0.91044676,True,1,0.7359646,True,1,0.6466644014485857,0.4541588497998633,4.983434998553574,440
630,534,0.6644318,False,3,0.91044676,True,1,0.74045545,True,1,0.6287705807037665,0.46448180165233743,4.930178318992301,583
631,970,0.794934,False,2,0.93176645,True,1,0.79510856,False,2,0.6760975207601275,0.4308591321355549,5.103639530672822,84
632,970,0.96937907,True,1,0.95180374,True,1,0.9583605,True,1,0.7148067039251328,0.4427308838021544,5.042392507207576,100
633,182,0.73431706,False,2,0.76668763,False,2,0.72792244,False,3,0.7070708391459092,0.42481065880817903,5.134843939105062,92
634,970,0.96966463,True,1,0.95180374,True,1,0.95270073,True,1,0.697135120306326,0.43731117108479384,5.070353104876494,184
635,182,0.72835255,False,2,0.76668763,False,2,0.7270514,False,3,0.7110999353850881,0.4341441093258746,5.086692151658457,192
636,182,0.7264799,False,3,0.76668763,False,2,0.7276035,False,3,0.7004470265861871,0.43314433365925553,5.09185004961935,276
637,533,-0.019824766,False,643,-0.09085893,False,872,-0.022373656,False,683,0.733024813361087,0.4468775897966157,5.020999421631099,59
638,157,0.16548918,False,294,0.19442837,False,210,0.16188227,False,335,0.562699148309565,0.5000005708406391,4.746935024234627,107
639,855,0.47852483,False,6,0.69453615,True,1,0.5070784,False,3,0.7362646538278331,0.47231629552168186,4.889759731800651,69
640,717,0.041099034,False,257,0.15618661,False,113,0.03694187,False,271,0.7714314376464998,0.43838981370688307,5.064788327930259,99
641,157,0.17781533,False,259,0.19442837,False,210,0.162847,False,308,0.6232365834784795,0.481119511312944,4.844343454634577,166
642,855,0.45872074,False,3,0.69453615,True,1,0.49482605,False,4,0.630744715813886,0.48914707653945705,4.802928801632671,176
643,717,0.0379925,False,265,0.15618661,False,113,0.04687571,False,255,0.7569879371495474,0.4523239044522469,4.992901583091313,168
644,855,0.3768284,False,20,0.69453615,True,1,0.534899,False,2,0.6564235488150982,0.47853473731465856,4.857678446653552,235
645,717,0.019817794,False,345,0.15618661,False,113,0.054953933,False,277,0.681391935673627,0.4708744619197304,4.897198231099803,275
646,717,0.24907137,False,88,0.15618661,False,113,0.20702907,False,124,0.6905127134687172,0.46663549349079697,4.919067303678684,334
647,855,0.7580198,False,2,0.67719036,False,7,0.75559485,False,2,0.770158442583951,0.43838981370688307,5.064788327930259,99
648,526,0.68533105,False,4,0.7396497,False,2,0.6493658,False,6,0.7609267433484396,0.4250429645248452,5.133645461064137,93
649,85,0.06039833,False,252,0.024634602,False,407,0.07754989,False,253,0.6834473466234547,0.44184594269231864,5.046957967338617,336
650,526,0.66616017,False,5,0.7396497,False,2,0.6408984,False,5,0.7656868382667502,0.43192493363433354,5.098141001791981,192
651,85,0.07055134,False,229,0.024634602,False,407,0.09426544,False,215,0.70024357947992,0.4382033390336357,5.06575036108331,429
652,85,0.061392948,False,249,0.024634602,False,407,0.086831585,False,221,0.7133526163119258,0.4382383030348695,5.065569979867112,528
653,182,0.70470047,False,3,0.7453836,False,2,0.71794784,False,3,0.649025232816229,0.45402509939625135,4.984125024283436,196
654,970,0.96774966,True,1,0.941072,True,1,0.94767743,True,1,0.658883012979629,0.42384742630856037,5.13981330884623,251
655,970,0.9726475,True,1,0.9475732,True,1,0.9567872,True,1,0.6606918399532636,0.4248106588081791,5.134843939105064,276
656,970,0.969441,True,1,0.9460617,True,1,0.95970917,True,1,0.6324895607753539,0.43112059718633944,5.1022906180144,284
657,970,0.96982044,True,1,0.92209977,True,1,0.9496064,True,1,0.625181595313138,0.4408625128668985,5.052031536200691,290
658,182,0.69031215,False,4,0.7453836,False,2,0.7128529,False,3,0.6256658772157656,0.45020948601986727,5.003809984730782,296
659,970,0.97288907,True,1,0.9475732,True,1,0.9571722,True,1,0.6580958720893971,0.4241057860460674,5.138480416670757,343
660,970,0.97108805,True,1,0.9460617,True,1,0.9604147,True,1,0.6391997389653896,0.42957667609381084,5.110255792323817,376
661,970,0.9690506,True,1,0.92209977,True,1,0.9454627,True,1,0.6350636021160955,0.4369966213134896,5.071975884544152,382
662,182,0.6912109,False,4,0.7453836,False,2,0.70973444,False,3,0.6328462565068117,0.4441870836913226,5.034879891438085,388
663,970,0.9719676,True,1,0.9460617,True,1,0.96093446,True,1,0.6404402667055281,0.4283100970519561,5.116790143654237,443
664,970,0.9668717,True,1,0.92209977,True,1,0.94596225,True,1,0.639886840926444,0.4346314134010665,5.084178122982134,474
665,182,0.6758599,False,4,0.7453836,False,2,0.7184655,False,2,0.6392416268587112,0.4404732689220535,5.054039667240923,480
666,970,0.9719676,True,1,0.92209977,True,1,0.95932204,True,1,0.6408175580382568,0.4329682675320688,5.092758384507586,541
667,182,0.6638555,False,4,0.7453836,False,2,0.7087531,False,3,0.6425665165786143,0.43795410785478694,5.0670361585197705,572
668,182,0.66319937,False,4,0.7453836,False,2,0.6957295,False,4,0.6430735270462126,0.43619764080701384,5.076097869168045,639
669,211,0.5206585,True,1,0.61633235,False,5,0.62226576,True,1,0.656227171421051,0.573045703052348,4.3700911470855335,104
670,514,0.64437103,False,4,0.39903346,False,28,0.60878634,False,6,0.670727489758114,0.4424644553316301,5.043767026422961,331
671,534,0.64841545,False,3,0.48164654,False,16,0.5482962,False,9,0.6796060956659771,0.5502143966828847,4.487879119427216,126
672,514,0.6302766,False,5,0.39903346,False,28,0.5767123,False,8,0.667260746983276,0.47368388007405454,4.882704287454933,435
673,534,0.6441804,False,4,0.48164654,False,16,0.56306523,False,8,0.6731754204898225,0.4721723166232232,4.890502526901159,457
674,534,0.67154765,False,2,0.48164654,False,16,0.5773744,False,7,0.6700334990938293,0.4908725522535779,4.794026976988815,561
675,859,0.6246919,False,3,0.45074704,False,36,0.68030953,True,1,0.634602540595965,0.550406210558959,4.486889541031474,176
676,426,0.105827376,False,344,0.10793476,False,394,0.060284015,False,514,0.5320032296561393,0.5687642673180399,4.392179310841676,119
677,30,0.002804211,False,840,0.06237028,False,533,-0.031675056,False,932,0.5888003647841257,0.5347912868198362,4.567447796250776,116
678,426,0.034172166,False,486,0.10793476,False,394,0.022234874,False,601,0.5932150219456624,0.5578116639634697,4.448684397327792,295
679,30,0.058130726,False,555,0.06237028,False,533,0.068744004,False,495,0.5600392623150602,0.5519946258806289,4.4786948185329765,235
680,30,0.07408218,False,486,0.06237028,False,533,0.10066341,False,411,0.5919690359827956,0.5513144285652666,4.48220399410411,411
681,485,0.30372027,False,51,0.62835187,True,1,0.35431543,False,48,0.5628518800237285,0.5221226822894932,4.632805827713381,67
682,485,0.7255055,True,1,0.7031211,False,4,0.660468,False,6,0.5402635435263315,0.4359337939994216,5.077459069441572,78
683,485,0.7033742,False,2,0.7031211,False,4,0.64879555,False,6,0.5507009128044391,0.47575900445069597,4.8719986060223395,145
684,927,0.44526958,False,14,0.122272395,False,535,0.3532683,False,45,0.5769573320945104,0.46245821168583084,4.94061813155268,60
685,258,0.0771571,False,415,-0.08356853,False,828,0.10013024,False,390,0.6929179764239588,0.564096220929258,4.416262020347381,107
686,422,0.14986873,False,363,0.03487305,False,739,0.05639418,False,687,0.5604836352914572,0.4387275121979632,5.063046122736938,50
687,258,0.10064965,False,356,-0.08356853,False,828,0.16397811,False,272,0.6512554694792467,0.5275795709016794,4.604653437546889,167
688,422,0.21028984,False,249,0.03487305,False,739,0.07941619,False,615,0.6507414346620156,0.5241698805689732,4.622244218560616,157
689,422,0.26708034,False,124,0.03487305,False,739,0.10247961,False,551,0.6303403003115533,0.5071067463155697,4.710273871922476,217
690,789,0.072389275,False,355,0.21191919,False,116,0.17374226,False,148,0.6821118739267059,0.4649539455837113,4.927742502336432,151
691,701,0.01413875,False,865,0.23433276,False,190,0.033331618,False,889,0.5057589669823647,0.481710229424328,4.8412959072257955,125
692,561,0.19018832,False,229,0.20220359,False,258,0.19844994,False,245,0.5575236597576657,0.47176150731273864,4.892621914855491,111
693,701,0.053997528,False,721,0.23433276,False,190,0.041986283,False,856,0.6022418979555368,0.4725428422506572,4.888590964695745,276
694,561,0.1945769,False,187,0.20220359,False,258,0.20724101,False,231,0.5301059199402393,0.4770309575837075,4.865436529458405,236
695,561,0.294519,False,58,0.20220359,False,258,0.25313097,False,145,0.5894157366119614,0.47231873843125416,4.889747128695052,387
696,20,0.42287695,False,16,0.31274223,False,51,0.4519527,False,10,0.5453764875061237,0.5359989327151602,4.561217484282854,104
697,701,0.40374452,False,18,0.30144337,False,43,0.44536963,False,16,0.7136951879314755,0.52127944684877,4.637156125990762,92
698,861,0.31923273,False,40,0.23761722,False,152,0.28948817,False,61,0.6099651028903631,0.555324791493348,4.461514309948114,104
699,701,0.40649512,False,17,0.30144337,False,43,0.439042,False,17,0.6243832244404725,0.5290897862880791,4.596862152839627,196
700,861,0.31067187,False,45,0.23761722,False,152,0.28824294,False,58,0.6586547346443546,0.5393443235989543,4.543958427682418,196
701,861,0.24140228,False,90,0.23761722,False,152,0.2347988,False,84,0.6193849423031013,0.5381845880925723,4.549941567303902,300
702,855,0.0004939607,False,791,0.011923921,False,748,0.0035452012,False,794,0.6153934853417533,0.5588255989801519,4.44345345049678,84
703,222,0.611488,False,5,0.47638854,False,13,0.56418574,False,5,0.6894724166000282,0.47398041844505717,4.881174429597626,91
704,222,0.5952352,False,5,0.47638854,False,13,0.5651988,False,5,0.6539145295960562,0.5147061051019026,4.671068359629219,175
705,896,0.48521805,False,10,0.36666504,False,93,0.5097284,False,21,0.36189604775015133,0.476903387063323,4.866094672828894,83
706,622,0.34742922,False,52,0.39832762,False,32,0.3179737,False,69,0.6137512683868408,0.4218809641630407,5.149958395818443,70
707,44,0.5049825,False,18,0.59260356,False,6,0.5506854,False,7,0.5717123080325383,0.4704045944345146,4.8996223034440325,93
708,622,0.39338717,False,34,0.39832762,False,32,0.33909798,False,57,0.4771239264728197,0.45172972952724605,4.99596696439274,153
709,44,0.5402615,False,11,0.59260356,False,6,0.58303016,False,3,0.5897658492889872,0.4495662256062743,5.007128600782735,163
710,44,0.5325044,False,11,0.59260356,False,6,0.56238306,False,4,0.5128829487697865,0.4587897394312135,4.95954398281457,246
711,72,0.11946911,False,179,0.1151215,False,304,0.11994643,False,209,0.6564618903398514,0.5347040550009229,4.567897830029274,300
712,213,0.2133486,False,179,0.17470194,False,240,0.22501276,False,137,0.5488208265245309,0.46365721695566825,4.934432397049549,342
713,72,0.19866632,False,130,0.11427225,False,298,0.18225609,False,168,0.566451034949491,0.45649462562952714,4.971384601858411,319
714,928,0.48262316,False,16,0.31597272,False,57,0.35446644,False,40,0.5644724453130859,0.45649462562952714,4.971384601858411,319
715,168,0.10969986,False,372,0.047098704,False,666,0.06915358,False,504,0.5960171766189176,0.51180631828479,4.686028520203637,363
716,72,0.11736449,False,175,0.1151215,False,304,0.118907906,False,212,0.640580842394313,0.5235158236066592,4.62561853460457,379
717,72,0.22567743,False,106,0.11427225,False,298,0.21695288,False,120,0.5547227905864104,0.466916980630607,4.917615095955571,421
718,928,0.48657054,False,18,0.31597272,False,57,0.36466208,False,36,0.569776364511117,0.45487540656360026,4.9797382425772625,399
719,168,0.11437498,False,357,0.047098704,False,666,0.06644356,False,510,0.5931323840709626,0.5003593570664472,4.7450840262515,443
720,72,0.13164428,False,160,0.1151215,False,304,0.1391425,False,164,0.618647008355147,0.5104270126143382,4.693144434445809,459
721,928,0.4144185,False,23,0.31597272,False,57,0.32351637,False,53,0.559243880494864,0.46396317462783015,4.932853944496587,501
722,168,0.096427426,False,407,0.047098704,False,666,0.05696579,False,544,0.5927948480468407,0.49241433427054204,4.786072838288544,523
723,72,0.16373704,False,131,0.1151215,False,304,0.17610572,False,130,0.6129172316619328,0.5012235629555447,4.740625540271096,539
724,168,0.107210204,False,363,0.047098704,False,666,0.054230783,False,561,0.5805953923463821,0.4935727361490557,4.780096578926994,625
725,72,0.16544406,False,126,0.1151215,False,304,0.1912792,False,117,0.6100750359464346,0.4943990340486203,4.7758336623612525,619
726,72,0.265365,False,67,0.1151215,False,304,0.32866177,False,53,0.5970552870164135,0.49512242072921264,4.772101670466128,721
727,610,0.5474665,False,5,0.38422725,False,31,0.5450202,False,4,0.5972066942143114,0.49312096998683924,4.782427265544701,73
728,426,0.5979579,True,1,0.5347955,False,2,0.6174424,True,1,0.5844450403800171,0.5535151643339292,4.4708502765526115,89
729,426,0.5647394,True,1,0.5347955,False,2,0.60182166,True,1,0.5901956621695448,0.5263004965108579,4.611252253073738,162
730,309,0.37139538,False,26,0.12496743,False,392,0.30918148,False,47,0.5749521222833085,0.47657742167057376,4.867776346318977,73
731,737,0.41549313,False,25,0.32580045,False,51,0.4324136,False,25,0.614720760755343,0.5402554572835612,4.539257838609443,219
732,52,0.31365275,False,51,0.39840543,False,23,0.4388858,False,9,0.6309506791977235,0.5029613237342905,4.731660336299363,243
733,659,-0.05255221,False,899,-0.017474113,False,782,-0.047170043,False,825,0.6323074735204379,0.4613260508983474,4.946459011674231,300
734,257,0.3165758,False,23,0.009564846,False,442,0.2858368,False,36,0.5793416197810854,0.46084536109195967,4.9489389169719615,280
735,309,0.35563397,False,33,0.12496743,False,392,0.30666307,False,59,0.5632462793140001,0.48790718533277116,4.809325468945373,186
736,52,0.28264534,False,78,0.39840543,False,23,0.42381784,False,12,0.6388998242857103,0.5216978522693151,4.634997549284495,352
737,659,-0.0097645335,False,795,-0.017474113,False,782,-0.018460358,False,761,0.6164496720927518,0.476331019715214,4.8690475476349775,410
738,257,0.24062343,False,69,0.009564846,False,442,0.25924817,False,45,0.6113427241691377,0.47060145268631415,4.8986067008349234,413
739,309,0.33261555,False,33,0.12496743,False,392,0.2781483,False,81,0.57843387667248,0.4640987333929195,4.932154589329842,353
740,659,-0.047474682,False,883,-0.017474113,False,782,-0.042735487,False,809,0.6248864906773631,0.494631522956848,4.774634239224927,519
741,257,0.2326215,False,77,0.009564846,False,442,0.25380886,False,53,0.603320590026292,0.4804135808282625,4.847985389049512,523
742,309,0.31062782,False,37,0.12496743,False,392,0.2379885,False,127,0.6058766461080975,0.47149907765720095,4.893975803963187,486
743,257,0.21457067,False,85,0.009564846,False,442,0.240742,False,61,0.612513277986193,0.4947378878236514,4.7740854969941315,632
744,309,0.20482993,False,147,0.12496743,False,392,0.12765153,False,338,0.599845928708779,0.4799437156965322,4.850409449251979,596
745,309,0.076593935,False,394,0.12496743,False,392,0.073597044,False,471,0.6086239668283057,0.4928574423921979,4.78378681898096,705
746,181,0.25123513,False,104,0.2907542,False,76,0.2877443,False,85,0.6181220792087854,0.5053073625046169,4.719556992525686,102
747,341,0.30043307,False,36,0.29361856,False,29,0.38129634,False,16,0.5971535363652068,0.4655325908095075,4.924757239612138,232
748,499,0.73022467,True,1,0.52913636,False,11,0.68819255,True,1,0.508129212604482,0.46865553470793325,4.908645799312585,158
749,341,0.26606297,False,53,0.29361856,False,29,0.37452358,False,18,0.6035571033413896,0.4776793773750798,4.862091295891126,334
750,499,0.7123682,True,1,0.52913636,False,11,0.6755065,True,1,0.5610872718672721,0.4667977834657928,4.918230040721549,390
751,499,0.7189783,True,1,0.52913636,False,11,0.67840177,True,1,0.5729115611941713,0.4747814766811588,4.877041725851676,492
752,1011,-0.03830078,False,973,-0.07942525,False,976,-0.07808698,False,982,0.4303609822460785,0.46530601982829406,4.925926131835681,253
753,513,0.16778597,False,146,0.18306008,False,136,0.16485101,False,153,0.4421185401658858,0.48977333884549296,4.799697879757756,341
754,513,0.18589121,False,133,0.18306008,False,136,0.15928155,False,167,0.43711069142226416,0.47935207333816743,4.8534617649020575,594
755,341,0.6958151,False,2,0.646849,True,1,0.66847867,True,1,0.7024545776255336,0.4767421689340194,4.866926406074819,162
756,127,0.8060887,True,1,0.73972124,False,2,0.8002648,True,1,0.6566392153796583,0.4823837705648875,4.837821071228616,101
757,127,0.832643,True,1,0.8369893,True,1,0.81455255,True,1,0.6072702754375546,0.483102357751073,4.834113840190591,172
758,341,0.8535487,True,1,0.77762276,False,2,0.82862,True,1,0.5612050133735634,0.483102357751073,4.834113840190592,172
759,127,0.8018856,True,1,0.73972124,False,2,0.7962444,True,1,0.6848600848999313,0.4789087155679269,4.8557490721604974,263
760,127,0.77176493,True,1,0.8369893,True,1,0.7965911,True,1,0.6255349748300545,0.4828365068140594,4.835485379878652,273
761,341,0.7719682,False,2,0.77762276,False,2,0.79291403,False,2,0.584237644405559,0.483102357751073,4.834113840190592,344
762,127,0.7529845,True,1,0.8369893,True,1,0.7726328,True,1,0.6541808958711295,0.48056689132769964,4.847194451703432,435
763,341,0.7052676,False,2,0.77762276,False,2,0.77445334,False,2,0.6006703605142872,0.48293926268184884,4.834955256673379,445
764,341,0.6959038,False,2,0.77762276,False,2,0.76175404,False,2,0.6278351762836808,0.48128534309840837,4.843487919281342,607
765,635,0.52464426,False,7,0.5445739,False,6,0.49952838,False,7,0.5193948851872797,0.479403620959149,4.853195827874354,73
766,842,0.25980416,False,83,0.2959364,False,53,0.27439305,False,77,0.671222961280081,0.4119226214877215,5.201334036468526,90
767,842,0.27531406,False,33,0.27280635,False,49,0.30225277,False,29,0.6557200896613141,0.4265609213706414,5.1258142377396725,94
768,842,0.2647276,False,76,0.2959364,False,53,0.2703546,False,80,0.6032263382446547,0.44214417339823814,5.045419378631872,163
769,842,0.2855512,False,33,0.27280635,False,49,0.30484676,False,29,0.6633030159965806,0.4194008833844306,5.162753269726612,184
770,842,0.2863162,False,34,0.27280635,False,49,0.30654523,False,28,0.6224263874009426,0.43644446253989533,5.074824502196594,257
771,502,0.50446653,False,8,0.51209235,False,12,0.5162372,False,11,0.6037990503451404,0.4666687392377222,4.9188957870315,289
772,502,0.4816936,False,7,0.4955771,False,8,0.5301445,False,7,0.6098541449698469,0.49139893202229434,4.791311354648355,327
773,127,0.63874644,False,2,0.23816036,False,140,0.5779665,False,5,0.5480911836460016,0.46546008272649314,4.925131312822773,414
774,200,0.44697312,False,24,0.46649858,False,23,0.43130192,False,32,0.5117440313779542,0.45240194182217724,4.992498983983657,483
775,477,0.39291602,False,41,0.29251015,False,76,0.38467467,False,43,0.5400180745346006,0.45719468614806635,4.967772950923471,512
776,502,0.4992717,False,9,0.51209235,False,12,0.5184491,False,11,0.5719865085635366,0.46187733042392914,4.9436149301109165,476
777,127,0.64149046,False,2,0.23816036,False,140,0.5894739,False,6,0.5679154055889206,0.4795974104138236,4.852196057359346,495
778,200,0.438994,False,24,0.46649858,False,23,0.42156324,False,31,0.5402286232212022,0.46204129432754865,4.942769031263429,601
779,477,0.36971003,False,48,0.29251015,False,76,0.37110212,False,48,0.5378096069209277,0.45452219715981335,4.9815604694271345,640
780,502,0.51151496,False,9,0.51209235,False,12,0.52469033,False,11,0.549629500679533,0.4605075724617122,4.950681587198231,644
781,200,0.45026517,False,21,0.46649858,False,23,0.4192051,False,33,0.555550994564536,0.4727083017550312,4.887737349961245,682
782,477,0.3536664,False,51,0.29251015,False,76,0.3584272,False,54,0.5563366541290031,0.4618349421807727,4.9438336134018215,758
783,502,0.54051405,False,10,0.51209235,False,12,0.54130936,False,9,0.546205042364375,0.45774275069924003,4.964945455590946,772
784,477,0.3302922,False,60,0.29251015,False,76,0.35025546,False,56,0.5672366621774201,0.47052578078557833,4.898997096356173,839
785,502,0.5439994,False,10,0.51209235,False,12,0.5613566,False,7,0.5608711551749305,0.4635439140792792,4.935016932855533,890
786,502,0.5644174,False,9,0.51209235,False,12,0.57404655,False,7,0.5699111265115954,0.4709107388636797,4.897011076339519,971
787,1011,0.05758074,False,311,0.03883183,False,343,0.08885299,False,275,0.74638964732488,0.47778511798519524,4.86154577423511,84
788,185,-0.0839567,False,871,-0.058257174,False,805,-0.103563264,False,943,0.5677082243278555,0.46793122631537015,4.912382546370747,221
789,175,0.059329305,False,625,0.20276275,False,153,0.10104753,False,385,0.5416433022159045,0.5132867360688587,4.6783909629748806,244
790,526,0.76705235,False,3,0.629997,False,3,0.70480114,False,3,0.5137214031112328,0.518742116741868,4.650246352350006,267
791,526,0.8507793,True,1,0.8191751,False,2,0.80682456,True,1,0.6515657350198546,0.4651385974570841,4.926789873108753,201
792,1011,0.052606802,False,322,0.03883183,False,343,0.10945386,False,237,0.7427805605388823,0.47778511798519524,4.861545774235111,168
793,175,0.08844862,False,475,0.20276275,False,153,0.11114158,False,340,0.5222448066399104,0.5082426900475958,4.704413475380799,371
794,526,0.78995043,False,3,0.629997,False,3,0.73437715,False,3,0.556884417408391,0.4947392570053159,4.774078433310196,361
795,526,0.8652846,True,1,0.8191751,False,2,0.8288089,True,1,0.5676752661707735,0.508940441825741,4.700813735365244,351
796,1011,0.07191841,False,295,0.03883183,False,343,0.13428812,False,184,0.6795138354887043,0.46886599298115894,4.907560033440732,285
797,526,0.777388,False,3,0.629997,False,3,0.71371895,False,4,0.5381703528835148,0.49573144710199907,4.768959669724152,488
798,526,0.8309066,True,1,0.8191751,False,2,0.793423,False,2,0.5912936595048798,0.49153892514533803,4.790589122383663,445
799,1011,0.072787106,False,296,0.03883183,False,343,0.13206251,False,196,0.6021856294281182,0.5029242413599805,4.731851646319427,435
800,526,0.83780247,True,1,0.8191751,False,2,0.7914022,True,1,0.5676880000041915,0.49309597219673423,4.782556230526461,572
801,1011,0.061782535,False,302,0.03883183,False,343,0.13536005,False,168,0.6159213777976585,0.4893549557664118,4.801856341203175,529
802,1011,0.04949528,False,293,0.03883183,False,343,0.10169304,False,194,0.5905705280147675,0.49113543598672005,4.792670745269642,656
803,855,0.56627434,False,4,0.73450744,False,3,0.60835236,False,4,0.7306997197515824,0.453893317103758,4.984804896419185,68
804,514,0.060735255,False,283,0.10185372,False,191,0.0817149,False,241,0.7188620551959756,0.41600376135869577,5.180279210149528,97
805,127,0.13536507,False,192,-0.0066835573,False,521,0.052396122,False,378,0.6684636361896992,0.5477666027581843,4.500507423670304,96
806,514,0.08816626,False,198,0.10185372,False,191,0.08669829,False,223,0.7237406078613166,0.43161885099908504,5.099720099036418,165
807,127,0.14868017,False,151,-0.0066835573,False,521,0.055171337,False,376,0.6937934115451853,0.48154382754704234,4.842154383714266,193
808,127,0.16149871,False,141,-0.0066835573,False,521,0.06027874,False,352,0.703408848166009,0.47433986314036297,4.879320034533939,261
809,409,0.1219995,False,279,0.072693385,False,379,0.11892711,False,292,0.711962129696306,0.6022734262820674,4.219303706380998,83
810,409,0.53304774,False,2,0.40004522,False,44,0.50681347,False,2,0.5290997159226161,0.45358360716196716,4.986402707138698,152
811,1011,0.5583293,False,3,-0.02172511,False,923,0.38085914,False,21,0.5489860076065126,0.45358360716196716,4.986402707138698,152
812,692,-0.094981365,False,789,-0.11243206,False,872,-0.11716955,False,863,0.4711878133671624,0.4483622173568037,5.013340145934505,140
813,409,0.51155704,False,2,0.40004522,False,44,0.5026725,False,4,0.5936851641916214,0.5060995858299174,4.715469868573213,235
814,1011,0.5192661,False,3,-0.02172511,False,923,0.3794558,False,20,0.5390428617645643,0.45358360716196716,4.986402707138698,304
815,692,-0.06367523,False,740,-0.11243206,False,872,-0.09660035,False,854,0.511685503519153,0.4510802010909984,4.99931791752025,292
816,1011,0.55345124,False,5,-0.02172511,False,923,0.41307002,False,16,0.5761289063080645,0.48547315493191123,4.821882766407718,387
817,692,-0.12468164,False,939,-0.11243206,False,872,-0.09295106,False,877,0.5176471257834016,0.45193722298916794,4.994896494146386,444
818,692,-0.09719043,False,901,-0.11243206,False,872,-0.07401541,False,860,0.5482508171017527,0.47561446183795475,4.872744309356011,527
819,627,0.4236936,False,20,0.3309486,False,42,0.38413954,False,34,0.5770246038834254,0.421270326101393,5.1531087113523935,120
820,503,0.35677612,False,35,0.308211,False,46,0.35947704,False,40,0.556290538080277,0.448354024968465,5.013382410919059,93
821,503,0.36015207,False,32,0.308211,False,46,0.3475272,False,48,0.5679717019130367,0.43309560307152306,5.0921014534167135,213
822,478,0.75874704,False,2,0.7603196,False,2,0.73812103,False,2,0.5873535790908262,0.5071102678493695,4.7102557041348305,159
823,827,0.6268421,False,8,0.65388536,False,6,0.6294297,False,8,0.6115672190705043,0.43772736932909373,5.068205915114553,178
824,904,0.9454193,True,1,0.879815,True,1,0.9178196,True,1,0.6888997370288485,0.4354905202224161,5.07974594337427,147
825,827,0.6405833,False,8,0.65388536,False,6,0.6365881,False,8,0.6001429794361754,0.47046292085646424,4.899321394207206,337
826,904,0.9315018,True,1,0.879815,True,1,0.9027162,True,1,0.6465453118085861,0.43671562527161173,5.073425558665871,325
827,904,0.9340032,True,1,0.879815,True,1,0.90567625,True,1,0.6271000938289915,0.4598411380192636,4.95411975934679,484
828,499,0.47554997,False,25,0.5447656,False,11,0.40372795,False,40,0.5767080576779942,0.463477082449112,4.9353617209319705,480
829,341,0.6867586,False,4,0.42788658,False,27,0.6630603,False,4,0.558184982418782,0.4559207684435029,4.9743451628207,514
830,867,0.6441225,False,2,0.80078155,False,2,0.65812093,False,2,0.5861934725917987,0.4802395301397874,4.848883326177962,603
831,1011,0.42875317,False,14,0.6598328,False,4,0.4622383,False,14,0.6036377469682382,0.4765274492521284,4.8680341567896726,613
832,127,0.81120914,True,1,0.4746146,False,27,0.78280854,True,1,0.5838239088327534,0.4657452419379981,4.923660160678687,638
833,499,0.28496844,False,66,0.5447656,False,11,0.33585906,False,53,0.5823575878298721,0.4686543023140465,4.908652157300809,652
834,867,0.7849599,True,1,0.80078155,False,2,0.74447745,False,2,0.5681987763015939,0.46273597742440975,4.939185122744347,686
835,1011,0.5337521,False,8,0.6598328,False,4,0.49771124,False,13,0.5875602278929607,0.47796806614616466,4.860601934553951,785
836,127,0.5394273,False,5,0.4746146,False,27,0.62009346,False,2,0.5950578476159918,0.46801924923341875,4.911928431268056,739
837,499,0.382061,False,37,0.5447656,False,11,0.39405617,False,41,0.5824957976554647,0.4694309504810214,4.904645386451586,810
838,1011,0.61281776,False,7,0.6598328,False,4,0.5549939,False,12,0.5732079210437937,0.4643518153958439,4.930848925278989,868
839,127,0.62341005,False,4,0.4746146,False,27,0.6512072,False,2,0.58282391810391,0.4708669931028331,4.8972367631392695,911
840,499,0.31175807,False,60,0.5447656,False,11,0.41530517,False,25,0.5917559732753542,0.4708669931028332,4.89723676313927,911
841,127,0.7835403,False,2,0.4746146,False,27,0.7170586,False,2,0.5706864043890351,0.4595696927118051,4.955520160701394,994
842,499,0.31190443,False,64,0.5447656,False,11,0.40089908,False,38,0.5819894105801402,0.47281019044308914,4.887211700584171,1083
843,499,0.34613955,False,53,0.5447656,False,11,0.39747947,False,40,0.5717017394754121,0.46304106354092517,4.937611166595171,1166
844,721,0.7364268,False,3,0.78353524,False,3,0.78516316,False,3,0.624194514777126,0.43720632133371723,5.070894030541456,116
845,44,0.8516487,True,1,0.8137919,True,1,0.84845483,True,1,0.4794952706041106,0.4192354575579325,5.163606710715088,83
846,721,0.70108443,False,3,0.5496894,False,10,0.6608505,False,4,0.5465480739093689,0.4192354575579325,5.163606710715088,83
847,44,0.7131294,True,1,0.4182648,False,17,0.6902976,False,2,0.7234973627843975,0.4188347737498862,5.165673860642306,81
848,721,0.66330135,True,1,0.6006379,False,7,0.5810325,False,5,0.6259581025527872,0.46896956332171874,4.90702570832539,92
849,721,0.7027541,False,3,0.5496894,False,10,0.65431744,False,4,0.5130216722567398,0.4192354575579324,5.163606710715088,166
850,44,0.6949583,True,1,0.4182648,False,17,0.65871704,False,3,0.6339437592683769,0.41903755884786076,5.16462768110597,164
851,721,0.622778,False,5,0.6006379,False,7,0.5583422,False,7,0.6716267735282809,0.4454960491291266,5.0281268663466046,173
852,44,0.7212653,True,1,0.4182648,False,17,0.68684363,False,2,0.5820440646969838,0.41910405922411975,5.1642846019867665,247
853,721,0.6298401,False,3,0.6006379,False,7,0.57032686,False,6,0.6310739138862118,0.4369818729556535,5.072051972137949,256
854,721,0.61502,False,5,0.6006379,False,7,0.58055735,False,7,0.5939617386873492,0.4326368803951496,5.094468029075715,339
855,266,0.32427683,False,56,0.16276279,False,149,0.25932625,False,90,0.5070749744772911,0.5386095649877449,4.547749087996569,112
856,257,0.52208656,False,4,0.16429251,False,346,0.4157112,False,16,0.6175083711743354,0.5622843063663394,4.42560978779305,80
857,361,0.3679384,False,28,0.49111813,False,9,0.45739174,False,12,0.633142721369153,0.4806343325572374,4.846846518670125,105
858,181,0.49336082,False,8,0.8133059,True,1,0.65505856,False,3,0.586938030719757,0.46985553400396923,4.902454936573316,75
859,181,0.9638552,True,1,0.96247166,True,1,0.9447056,True,1,0.6542510724649196,0.493520064939442,4.7803683126105945,164
860,257,0.54170674,False,6,0.16429251,False,346,0.471012,False,11,0.5530888897677263,0.5484740405621593,4.49685771291177,192
861,361,0.39099538,False,25,0.49111813,False,9,0.5001907,False,10,0.6263819212849076,0.5159424293395518,4.6646900945070655,185
862,181,0.33655366,False,56,0.8133059,True,1,0.5906356,False,3,0.6138907669319047,0.4761431664933756,4.8700166927964545,180
863,181,0.9582003,True,1,0.96247166,True,1,0.93704855,True,1,0.6331277330051406,0.4860939569052979,4.818680014690948,239
864,361,0.45992944,False,14,0.49111813,False,9,0.4994414,False,10,0.5813907494247963,0.524490305408904,4.620591129088965,297
865,181,0.3079592,False,79,0.8133059,True,1,0.5855171,False,3,0.6150038759295757,0.5026481326081337,4.733276106641561,260
866,181,0.9314241,True,1,0.96247166,True,1,0.90983874,True,1,0.6331323079418304,0.48442750179905847,4.827277348754358,344
867,181,0.28821632,False,96,0.8133059,True,1,0.54023814,False,4,0.5825091529116836,0.5134752305288768,4.677418509630165,372
868,181,0.8543011,True,1,0.96247166,True,1,0.87203056,True,1,0.6301843953441899,0.49911746492496056,4.751491016497508,424
869,181,0.28821632,False,96,0.96247166,True,1,0.7020503,False,3,0.6044600387451364,0.5073695455350946,4.70891807621373,536
870,896,0.6476949,False,2,0.7122191,False,2,0.7084029,False,2,0.6568452211999402,0.45236390791271464,4.9926952030262,97
871,896,0.59228635,False,4,0.49214786,False,26,0.6121444,False,5,0.6859966194492647,0.4908098902273306,4.7943502538480125,87
872,721,0.8720345,True,1,0.4451483,False,33,0.80021966,True,1,0.44998934902250765,0.38212779202982444,5.355047209570431,80
873,181,0.8675617,False,2,0.118747614,False,493,0.6164097,False,3,0.5255661334842443,0.3821277920298245,5.355047209570431,80
874,148,0.88082427,False,2,0.8807151,False,2,0.87982446,True,1,0.5953149552025446,0.4935200649394421,4.7803683126105945,164
875,896,0.58614284,False,4,0.49214786,False,26,0.60533416,False,5,0.6706287627634795,0.4705421712897342,4.898912536838687,184
876,721,0.8638655,True,1,0.4451483,False,33,0.78852385,True,1,0.5729392443945308,0.438746609653675,5.062947597906654,167
877,181,0.83914286,False,2,0.118747614,False,493,0.58447474,False,4,0.48777774125337603,0.3821277920298245,5.355047209570431,160
878,148,0.8868881,False,2,0.8807151,False,2,0.8867847,False,2,0.572446489065397,0.4569980082477642,4.968787623089229,244
879,721,0.85775995,True,1,0.4451483,False,33,0.78503716,True,1,0.6037683343571244,0.44374993515036754,5.037135164939215,264
880,181,0.818727,False,3,0.118747614,False,493,0.5658735,False,4,0.5575957266907943,0.42040853107105136,5.157554759579135,247
881,148,0.8798714,False,2,0.8807151,False,2,0.88076866,True,1,0.5422101581906095,0.43851153510753216,5.064160360491995,324
882,181,0.8203996,False,3,0.118747614,False,493,0.5717201,False,4,0.5855817760145942,0.4294192041921018,5.111068198574381,344
883,148,0.88350564,True,1,0.8807151,False,2,0.88183826,True,1,0.5726467083840474,0.4495819898409202,5.007047272224291,411
884,148,0.8781898,True,1,0.8807151,False,2,0.87916577,True,1,0.5887239834689718,0.4501131828585659,5.004306818066388,508
885,896,0.6004864,False,3,0.40028346,False,28,0.5833472,False,2,0.6268623131207931,0.4898882511182846,4.799105040986715,78
886,1013,0.52168274,False,8,0.507129,False,14,0.54081905,False,9,0.5120411241470382,0.4071998762367091,5.225698940429828,86
887,148,0.32810488,False,69,0.2852028,False,102,0.263718,False,121,0.5469108152557427,0.4091865018101739,5.215449829217623,71
888,721,0.7449809,True,1,0.58946884,False,5,0.7814034,True,1,0.5851196497678757,0.4144451322979548,5.188320263680441,70
889,1013,0.51529026,False,9,0.507129,False,14,0.55419934,False,6,0.5666512018296777,0.44652727404623893,5.022806719962982,164
890,148,0.34398752,False,53,0.2852028,False,102,0.2575748,False,119,0.5278102201261338,0.40809828652789387,5.221063992047239,157
891,721,0.74462897,True,1,0.58946884,False,5,0.7765627,True,1,0.5658797401908442,0.41179716942822114,5.201981250582143,141
892,148,0.31685665,False,65,0.2852028,False,102,0.24666338,False,134,0.5606870850349994,0.4352455939238533,5.081009531695235,235
893,721,0.740371,True,1,0.58946884,False,5,0.77438617,True,1,0.5454827314694022,0.41005546363760426,5.210966807088314,227
894,721,0.6490769,False,3,0.58946884,False,5,0.7086764,False,2,0.5662945589081185,0.4304717174851225,5.1056382242820035,305
895,251,0.6698845,False,5,0.641844,False,5,0.70633715,False,4,0.6417709767818451,0.4716379643551538,4.893259279806733,135
896,251,0.6347925,False,6,0.625313,False,5,0.66184795,False,6,0.32419211931468905,0.4781806155070388,4.859505380645262,129
897,721,-0.028355658,False,876,0.38325006,False,65,-0.010205458,False,848,0.5137334354221821,0.5478524130760299,4.500064723494438,104
898,181,0.9181731,True,1,0.9239167,True,1,0.8961421,True,1,0.6370809946845217,0.4935200649394421,4.7803683126105945,164
899,251,0.6360921,False,6,0.625313,False,5,0.66899866,False,5,0.48659039870130294,0.4748349416225522,4.876765897261924,264
900,721,0.024911517,False,679,0.38325006,False,65,0.020346284,False,740,0.40879425182618806,0.5092787569112237,4.699068349127298,233
901,181,0.9233569,True,1,0.9239167,True,1,0.8982673,True,1,0.5892147776573452,0.514604259738715,4.6715937854908915,268
902,721,0.040691286,False,616,0.38325006,False,65,0.05027781,False,633,0.49426125690502964,0.4954703139898393,4.770306869892852,368
903,181,0.040671866,False,587,0.9239167,True,1,0.5049222,False,8,0.5030991027802604,0.5027688690437874,4.732653220692186,397
904,181,0.028539475,False,675,0.9239167,True,1,0.5271304,False,7,0.538288394115249,0.494869109395356,4.773408517647945,532
905,85,0.2313789,False,195,0.31673262,False,79,0.24940608,False,162,0.5010773974160353,0.4438700594732042,5.036515436913719,84
906,721,0.26253688,False,65,0.27245098,False,53,0.352509,False,35,0.7214375044618334,0.45616270680094545,4.973096989453234,70
907,271,0.35018405,False,18,0.33534247,False,37,0.3563123,False,23,0.5961773016236045,0.4554665245987209,4.9766886319398,99
908,721,0.2949877,False,59,0.27245098,False,53,0.3635495,False,34,0.6012410824368526,0.4494576264403593,5.007688869886226,154
909,271,0.3613964,False,18,0.33534247,False,37,0.36751494,False,16,0.6480602258761253,0.45575488409076664,4.9752009693714,169
910,271,0.3190857,False,30,0.33534247,False,37,0.35719302,False,20,0.5992596029881904,0.4518089344153703,4.995558341994148,253
911,896,0.5734695,False,3,0.35804456,False,44,0.5350882,False,4,0.5976735375751959,0.5019691400363583,4.736779066873896,107
912,721,0.48233554,False,11,0.6605863,False,3,0.57631874,False,10,0.37163197440760476,0.4551579478895048,4.978280596249782,70
913,721,0.4983981,False,12,0.6605863,False,3,0.5600408,False,10,0.5082785690908378,0.4834562391873201,4.832288146288089,177
914,610,0.22728649,False,105,0.16476174,False,131,0.23321341,False,97,0.6382874760490197,0.5092322225466701,4.699308422487809,104
915,44,0.33974245,False,95,0.3812883,False,67,0.37584856,False,67,0.5303406755575973,0.5448544256107606,4.515531506644096,89
916,184,0.47073063,False,28,0.27036533,False,147,0.37135464,False,64,0.44595991033181714,0.4323749835042981,5.0958191696209285,89
917,610,0.48188123,False,26,0.60995287,False,5,0.5072315,False,20,0.6243296106656392,0.5249336283693452,4.618304001416204,75
918,721,0.3179095,False,103,0.36622176,False,70,0.39524165,False,46,0.5524975895881653,0.46538962202534145,4.925494823477141,65
919,44,0.34270877,False,94,0.3812883,False,67,0.37675098,False,69,0.5885088996566021,0.5256590415762248,4.614561554559879,193
920,184,0.4790086,False,25,0.27036533,False,147,0.37524372,False,64,0.48815029294470724,0.4886147045575294,4.805675338132512,178
921,610,0.4728073,False,29,0.60995287,False,5,0.5136311,False,17,0.5275314196308212,0.47470363207063065,4.877443330502914,164
922,721,0.28513995,False,143,0.36622176,False,70,0.38197622,False,52,0.5909790294510978,0.4972881968524864,4.760928311658782,140
923,184,0.46665064,False,30,0.27036533,False,147,0.37872216,False,62,0.543520034231404,0.49621832821309897,4.766447823142975,282
924,610,0.48380694,False,27,0.60995287,False,5,0.5246823,False,13,0.5285196559054578,0.4993811839483839,4.750130475469574,253
925,721,0.28824544,False,139,0.36622176,False,70,0.3992138,False,48,0.5346178870859625,0.47205991742895465,4.8910824005611016,229
926,610,0.49159896,False,23,0.60995287,False,5,0.5314276,False,15,0.5604968360033022,0.502250954296344,4.735325171519705,357
927,721,0.26824945,False,152,0.36622176,False,70,0.3725725,False,70,0.533420805872049,0.4924332231779507,4.785975389370493,318
928,721,0.2767258,False,143,0.36622176,False,70,0.37618595,False,68,0.5592647245886484,0.4965732609370664,4.764616705588978,422
929,181,0.6805583,False,3,0.66275877,False,3,0.70279896,False,3,0.4840894894501598,0.4779287664310086,4.860804683958077,97
930,835,0.1785806,False,209,0.34827358,False,28,0.23478606,False,98,0.6489297917521581,0.493520064939442,4.7803683126105945,164
931,721,0.6329082,False,3,0.681003,True,1,0.73665786,True,1,0.5777169364063364,0.46539537562140404,4.9254651403568275,76
932,835,0.2293696,False,160,0.34827358,False,28,0.25912642,False,88,0.5876673039234461,0.48772559767768714,4.810262289701422,261
933,721,0.69223124,False,3,0.681003,True,1,0.7576002,True,1,0.6263790542259813,0.48461391332206344,4.826315641396901,240
934,721,0.71647435,True,1,0.681003,True,1,0.7648366,True,1,0.5854233041273027,0.482689701902383,4.836242754537655,337
935,750,0.20075203,False,255,-0.14738637,False,1012,0.08950652,False,612,0.6784981221568828,0.39645378699707784,5.2811386091748425,98
936,750,0.23685764,False,208,0.22105044,False,201,0.32148585,False,108,0.396471763821854,0.4918014914587379,4.789234528250495,87
937,44,0.6080634,False,2,0.53576106,False,3,0.6169212,False,2,0.5378733405188935,0.42511212474317883,5.133288659672557,74
938,750,0.25987768,False,177,0.22105044,False,201,0.30659845,False,131,0.5458695103993287,0.4412929777439126,5.049810744091501,185
939,44,0.63380057,False,2,0.53576106,False,3,0.6548731,False,2,0.46146379286272926,0.4611492359497231,4.94737120977368,161
940,44,0.659856,False,2,0.53576106,False,3,0.68171656,False,2,0.54358489043349,0.43666987688656006,5.07366157711466,259
941,154,0.6673687,True,1,0.65804577,True,1,0.6326335,True,1,0.7247974982387141,0.39118379621975213,5.308326783074115,76
942,154,0.6646669,True,1,0.59362876,False,2,0.6297615,True,1,0.6003015733471042,0.38475338774399814,5.341501616061373,152
943,444,0.5733831,False,8,0.4988153,False,13,0.54096484,False,8,0.7171550677668663,0.38154490520543144,5.3580543549364865,155
944,675,0.12233272,False,366,0.17181413,False,307,0.15288992,False,384,0.7379682562180928,0.3822736798050137,5.3542945664692905,140
945,241,0.008959744,False,501,-0.06358273,False,833,0.06116099,False,290,0.6451365302747755,0.4090829819551666,5.215983893875209,134
946,154,0.5868899,True,1,0.65804577,True,1,0.5854721,False,2,0.6470390692965625,0.41615576325132014,5.179495023978375,146
947,444,0.5140604,False,9,0.4988153,False,13,0.52594066,False,5,0.6469131325159156,0.3868968572359161,5.330443338398953,228
948,675,0.107153565,False,414,0.17181413,False,307,0.13677046,False,410,0.7224850973037824,0.3786657852367244,5.372907894096911,219
949,241,0.018536078,False,474,-0.06358273,False,833,0.07341466,False,267,0.6795173815318516,0.40260518140330237,5.249403225204337,210
950,154,0.51821905,False,2,0.65804577,True,1,0.53369707,False,2,0.6739662139188676,0.40260518140330237,5.249403225204337,210
951,675,0.029552672,False,625,0.17181413,False,307,0.03873135,False,684,0.6663061473263453,0.38356448667736176,5.347635222421333,292
952,241,0.20457569,False,144,-0.06358273,False,833,0.1651266,False,151,0.6837623894833363,0.39431342522087964,5.2921808539599775,289
953,154,0.03720101,False,382,0.65804577,True,1,0.22199413,False,79,0.6915498600973116,0.3995701279978834,5.2650612335893126,286
954,241,0.56293255,False,5,-0.06358273,False,833,0.46830526,False,3,0.6462554952222339,0.39510940064027955,5.288074372746517,362
955,154,0.25295675,False,89,0.65804577,True,1,0.36379153,False,20,0.6923066861008944,0.3936617764425626,5.295542746049497,365
956,154,0.6646669,True,1,0.65804577,True,1,0.6456609,True,1,0.6598837879830843,0.39442824553534783,5.2915884896070144,438
957,328,0.25574455,False,159,0.1961584,False,252,0.29517955,False,123,0.5642106668515638,0.4891055291517641,4.803143146903732,132
958,948,0.008989188,False,715,-0.02839616,False,900,0.040033273,False,611,0.7080225012241266,0.5283829437965537,4.600508792348309,78
959,270,0.03205562,False,553,0.014237562,False,580,0.08816878,False,401,0.5841660607552183,0.45078550589238003,5.000838266349281,138
960,717,0.24574459,False,82,0.26938695,False,78,0.28202993,False,68,0.7072693221772198,0.4325025837344799,5.095160872975952,223
961,414,0.15076526,False,147,0.18885133,False,192,0.1726956,False,202,0.6376076224206508,0.4678754471753054,4.912670314039441,261
962,948,0.018493716,False,688,-0.02839616,False,900,0.04710098,False,603,0.6176264910470872,0.503694283162686,4.72787895806886,210
963,270,0.025179936,False,600,0.014237562,False,580,0.08573291,False,406,0.628891997591213,0.4788068029133317,4.856274845182264,216
964,717,0.24835113,False,81,0.26938695,False,78,0.2846487,False,62,0.6602104577001112,0.4394916232297437,5.059104031661603,361
965,414,0.15410623,False,123,0.18885133,False,192,0.16747156,False,204,0.6697038187960948,0.4515776195982308,4.996751707929611,484
966,270,0.023935223,False,617,0.014237562,False,580,0.08423101,False,423,0.6043576997244495,0.4827132163141164,4.8361214423869585,348
967,717,0.26395693,False,62,0.26938695,False,78,0.30422002,False,58,0.6687055360483417,0.4552855252894502,4.977622417387258,439
968,414,0.1539847,False,135,0.18885133,False,192,0.16577372,False,211,0.6507259882339711,0.45140187732908704,4.997658372016289,622
969,717,0.24808496,False,79,0.26938695,False,78,0.2860706,False,65,0.6445491039398047,0.4631038098950989,4.937287454683536,571
970,414,0.15762827,False,121,0.18885133,False,192,0.16448961,False,210,0.6571104568243027,0.4599797675926048,4.953404561710428,700
971,414,0.1430618,False,135,0.18885133,False,192,0.16483901,False,204,0.6423715478382431,0.4646006816861253,4.929565010322828,832
972,434,0.5446567,False,2,0.36546922,False,55,0.46941024,False,5,0.4496327318747838,0.43270744670092964,5.094103973601229,75
973,1007,0.2854063,False,64,0.22621197,False,167,0.34662658,False,62,0.4976523359981152,0.5185349938675419,4.651314910714456,109
974,140,0.14171566,False,288,0.20325941,False,193,0.09235966,False,393,0.6303381553598654,0.5151218034667543,4.6689237487729995,107
975,1007,0.2647251,False,85,0.22621197,False,167,0.35370734,False,53,0.47807912779567036,0.48355093931593357,4.831799583086783,184
976,140,0.14087857,False,294,0.20325941,False,193,0.084227495,False,435,0.5633809594782414,0.5168442004745591,4.66003780734531,216
977,140,0.21703753,False,158,0.20325941,False,193,0.11506868,False,344,0.5340644059721956,0.4951594701205309,4.771910530607144,291
978,906,0.5811452,False,11,0.52817863,False,10,0.5980138,False,6,0.6096382533510526,0.43674044460799855,5.073297514336713,60
979,599,0.53514427,False,16,0.6274926,False,6,0.60086066,False,7,0.709275169648986,0.3473233771469426,5.534605110956068,69
980,738,0.24077712,False,211,0.20190036,False,315,0.2680295,False,151,0.6504549133150201,0.3711852090723715,5.411500600273597,76
981,599,0.50586236,False,30,0.6274926,False,6,0.5982703,False,8,0.6629324178825053,0.38891271084975926,5.320043438109856,129
982,738,0.23033422,False,232,0.20190036,False,315,0.27301908,False,154,0.6784452421911832,0.35983026836302945,5.470081367425947,145
983,738,0.2524747,False,204,0.20190036,False,315,0.2924417,False,138,0.658306611311145,0.3823405638493618,5.353949507985196,205
984,184,0.44736174,False,10,0.4994066,False,4,0.48635843,False,7,0.5485841563496834,0.5134115266594336,4.677747161416034,390
985,896,0.34820396,False,53,0.31976295,False,60,0.3429454,False,55,0.6646565295859963,0.549457053581403,4.491786294375814,501
986,460,0.47335604,False,15,0.57651556,False,3,0.5453345,False,5,0.6373954102660443,0.5380043618406216,4.5508713645058885,509
987,460,0.5329435,False,3,0.5373005,False,3,0.54552126,False,3,0.601710657035946,0.5346636020958494,4.568106528803965,532
988,460,0.43579388,False,43,0.38366488,False,56,0.503754,False,12,0.6267202937701721,0.5245190675824268,4.620442743444949,483
989,184,0.4873833,False,5,0.4994066,False,4,0.51526827,False,6,0.5858173493235823,0.5126757670288731,4.681542986044383,496
990,460,0.50545514,False,5,0.57651556,False,3,0.5733591,False,3,0.6468457437937855,0.5362779644689786,4.559777944031878,589
991,460,0.47335604,False,15,0.5373005,False,3,0.5447561,False,4,0.6172511682150856,0.5357377932817342,4.5625647170633155,630
992,460,0.47214276,False,20,0.38366488,False,56,0.5126274,False,11,0.6113771834139279,0.5345095761181162,4.568901157342148,621
993,184,0.6214891,False,2,0.4994066,False,4,0.5517954,False,6,0.5994180305885232,0.5249103787244719,4.618423947620026,575
994,460,0.50545514,False,5,0.5373005,False,3,0.5731686,False,3,0.6273607256966578,0.5345610009335838,4.568635853874883,710
995,460,0.47335604,False,15,0.38366488,False,56,0.5375258,False,6,0.6236764914220165,0.5354717944671081,4.563937019660157,719
996,184,0.52966595,False,8,0.4994066,False,4,0.52916193,False,8,0.591338985410178,0.5335360517441926,4.573923623432087,713
997,460,0.50545514,False,5,0.38366488,False,56,0.5678945,False,3,0.6320166165225944,0.5344527172931198,4.569194495165121,799
998,184,0.47383618,False,14,0.4994066,False,4,0.476784,False,11,0.6046644427001697,0.5345067550506903,4.568915711385029,811
999,184,0.44716555,False,18,0.4994066,False,4,0.4583859,False,12,0.6138504402906405,0.5336795502148843,4.573183306885001,891
1000,896,0.45325026,False,42,0.4325716,False,43,0.41992012,False,59,0.6407045120822972,0.3963828086754408,5.2815047902619225,87
1001,184,0.4322936,False,31,0.3282108,False,90,0.3841319,False,55,0.5906084766248604,0.42061285898671735,5.156500620560995,77
1002,184,0.4488169,False,28,0.3282108,False,90,0.3850392,False,56,0.617183812507769,0.4077591127850036,5.222813808146244,164
1003,738,0.20324278,False,292,0.16011755,False,402,0.32160842,False,110,0.6304286520732076,0.5250085016573799,4.617917725982051,95
1004,609,0.72133833,False,2,0.29298317,False,80,0.70664746,False,2,0.589318905953581,0.4769515945456058,4.865845967761479,269
1005,391,0.25485283,False,108,0.2680718,False,91,0.26645714,False,91,0.6009101796274384,0.48047835293986413,4.847651226143264,288
1006,966,0.5702059,True,1,0.61081195,False,3,0.6610945,True,1,0.553534208603625,0.46786829533751356,4.912707210766171,265
1007,288,0.025469864,False,609,0.04293711,False,431,0.05745388,False,503,0.4306846205695269,0.40197836291728944,5.252637016442517,237
1008,738,0.19721688,False,296,0.16011755,False,402,0.3320417,False,103,0.48386627308565294,0.4257757421189548,5.12986502092677,211
1009,391,0.2425329,False,118,0.2680718,False,91,0.26059288,False,97,0.594058492931269,0.47694692279772355,4.865870069567195,413
1010,966,0.5687525,True,1,0.61081195,False,3,0.6620893,True,1,0.5695093524047973,0.47355443454383883,4.883372104104845,409
1011,288,0.0034849718,False,676,0.04293711,False,431,0.05753168,False,494,0.495778548435902,0.43030963830469676,5.106474399738293,381
1012,738,0.18094268,False,338,0.16011755,False,402,0.34901622,False,87,0.48784029223473674,0.4371827700868936,5.0710155327264195,332
1013,966,0.60088974,True,1,0.61081195,False,3,0.6676409,True,1,0.5715605823623107,0.472443964788781,4.889101078990398,534
1014,288,0.002967908,False,683,0.04293711,False,431,0.065843396,False,473,0.5240654986812955,0.44504121458681617,5.0304733829069255,525
1015,738,0.2008574,False,287,0.16011755,False,402,0.35834762,False,80,0.5226519934895659,0.4492096215368499,5.008968340900387,476
1016,288,-0.003605003,False,690,0.04293711,False,431,0.0804351,False,415,0.5344898656239876,0.44961223250285753,5.006891248658657,650
1017,738,0.20685764,False,263,0.16011755,False,402,0.36110684,False,72,0.5403630786365078,0.45729426663795086,4.967259209668437,620
1018,738,0.2619185,False,149,0.16011755,False,402,0.4093047,False,28,0.5467236706074452,0.45922652185813223,4.9572905981160025,745
1019,422,0.41077363,False,18,0.34206587,False,26,0.4356516,False,15,0.6687185622074387,0.438346141654149,5.06501363446578,44
1020,308,0.61408687,False,4,0.5849313,False,7,0.6491535,False,4,0.6872055530548096,0.5275261822934812,4.604928872329467,119
1021,308,0.6335614,False,4,0.5849313,False,7,0.65444666,False,3,0.6822151996972371,0.503453042488999,4.729123532047244,163
1022,184,0.5161196,False,12,0.52110064,False,16,0.4209198,False,42,0.49512040542979396,0.4284638604717789,5.115996869666836,62
1023,485,0.5651543,False,8,0.5552493,False,6,0.58037055,False,5,0.6830285570838235,0.5286294370986998,4.599237119769186,66
1024,184,0.5161196,False,12,0.52110064,False,16,0.4209198,False,42,0.49512040542979396,0.4284638604717789,5.115996869666836,62
1025,485,0.5972892,False,4,0.5552493,False,6,0.6111598,False,3,0.5920105461264029,0.4801117359200351,4.849542623625862,128
1026,184,0.5224379,False,14,0.52110064,False,16,0.44772288,False,36,0.5920105461264029,0.48011173592003503,4.849542623625862,128
1027,184,0.561743,False,9,0.52110064,False,16,0.5024608,False,24,0.5603937633727726,0.46325821866849887,4.936490851281337,190
1028,184,0.73857594,False,2,0.59524405,False,4,0.7332552,False,2,0.6143321750561396,0.5249336283693452,4.618304001416206,75
1029,458,0.6286802,False,6,0.2671994,False,94,0.5463106,False,9,0.6024981421836908,0.5548579783748672,4.4639226246454236,138
1030,599,0.34263963,False,62,0.29265344,False,79,0.3078154,False,85,0.5508709288479989,0.5225896407309248,4.63039676328693,114
1031,458,0.65342236,False,5,0.2671994,False,94,0.58849007,False,5,0.6066650551669475,0.5443212354151764,4.518282264353444,213
1032,599,0.31638503,False,71,0.29265344,False,79,0.29890493,False,93,0.5791429742461159,0.5402603970597505,4.539232354030867,252
1033,599,0.31905252,False,71,0.29265344,False,79,0.3117786,False,86,0.5872138918630938,0.5367450831399326,4.557368052972458,327
1034,610,0.6892153,False,2,0.76608634,True,1,0.6644827,False,2,0.46999324324690267,0.38471854975674014,5.3416813471644975,81
1035,693,0.38367093,False,23,0.5204653,False,14,0.43471712,False,18,0.7029323907835143,0.4419840826691535,5.046245295557712,112
1036,830,0.37841868,False,25,0.3973499,False,41,0.3864848,False,39,0.6338058013082202,0.4547635485714626,4.980315324145478,183
1037,830,0.31752524,False,46,0.3973499,False,41,0.38147905,False,44,0.660050472566637,0.44991168355092487,5.0053463641392755,295
1038,184,0.5258358,False,17,0.22490096,False,273,0.41920534,False,35,0.6847152717943702,0.40466742827536273,5.2387639795301215,84
1039,184,0.70565015,True,1,0.6573642,True,1,0.73064196,True,1,0.6190600395202637,0.5249336283693453,4.618304001416205,75
1040,184,0.72317517,True,1,0.6573642,True,1,0.7411393,True,1,0.6537458226084709,0.46139676794233564,4.9460941785329915,159
1041,906,0.40946317,False,42,0.5230033,False,18,0.47429305,False,24,0.4272534768965285,0.4957300506037405,4.7689668743359075,59
1042,98,0.18818305,False,323,0.16889672,False,369,0.21571861,False,253,0.6526340985452974,0.414836418023574,5.186301598980265,77
1043,98,0.16969404,False,366,0.16889672,False,369,0.20785956,False,276,0.5548586818006109,0.44992997921644035,5.005251975788963,136
1044,470,0.69581616,True,1,0.52416575,False,23,0.66556174,True,1,0.5785186330134842,0.5792291061483208,4.338190628514241,87
1045,540,0.36274216,False,42,0.48126155,False,8,0.41935408,False,15,0.6295628216346549,0.5144816155789115,4.67222651349467,179
1046,479,0.3660442,False,50,0.39972377,False,88,0.39148447,False,44,0.5165802703140685,0.48521748463614317,4.8232017836045085,161
1047,407,0.33598685,False,94,0.44198456,False,50,0.40161544,False,53,0.5646191765522135,0.5416593726835631,4.532014961411375,145
1048,470,0.2970107,False,88,0.45464408,False,51,0.3898526,False,46,0.5654971278353134,0.5530102501732231,4.473455156634101,289
1049,470,0.6968288,True,1,0.52416575,False,23,0.6723406,True,1,0.5350144019094997,0.5483759310922219,4.497363865093534,299
1050,479,0.36589476,False,54,0.39972377,False,88,0.38972542,False,44,0.5699232422147202,0.503580271616805,4.7284671499399495,247
1051,407,0.3269163,False,89,0.44198456,False,50,0.3960174,False,55,0.5754617998579971,0.5225567485916389,4.630566455652746,238
1052,470,0.2863158,False,88,0.45464408,False,51,0.39401668,False,44,0.5364368787082303,0.5381290761926811,4.550227956265761,357
1053,470,0.71929115,True,1,0.52416575,False,23,0.66838896,True,1,0.5685100824909007,0.5590768471674611,4.442157247202112,376
1054,407,0.33917445,False,80,0.44198456,False,50,0.40408942,False,47,0.6004985360267722,0.5266445007029067,4.609477516420355,324
1055,470,0.28669912,False,86,0.45464408,False,51,0.3968116,False,45,0.5479957632554902,0.5287555051699567,4.598586727616848,450
1056,470,0.71913826,True,1,0.52416575,False,23,0.66821074,True,1,0.5446826278626382,0.5461824604407456,4.50868010150364,444
1057,470,0.3286365,False,60,0.45464408,False,51,0.41296628,False,38,0.5675367738273162,0.5302318831892019,4.590970011758252,536
1058,470,0.70838207,True,1,0.52416575,False,23,0.65853465,True,1,0.5529408091939362,0.5369327924793006,4.556399650108603,537
1059,470,0.70338064,True,1,0.52416575,False,23,0.66433,True,1,0.569070356089269,0.5370741920133486,4.555670162091753,623
1060,98,0.91276354,True,1,0.93698424,True,1,0.87280464,True,1,0.6284265060424805,0.4572285157048212,4.967598422369086,500
1061,98,0.8342755,True,1,0.88382417,True,1,0.81860626,True,1,0.6199031117167778,0.4532536038052877,4.988105212708034,656
1062,98,0.42285725,False,31,0.28812748,False,70,0.47260988,False,21,0.6093248311874162,0.4576745242037108,4.965297439854935,579
1063,98,0.9140323,True,1,0.9291212,True,1,0.8424344,True,1,0.6371108761491024,0.45997141011848697,4.953447678381648,584
1064,98,0.9113329,True,1,0.79003257,True,1,0.8275355,True,1,0.6257037352957454,0.4643694756691762,4.930757814952091,598
1065,98,0.89767545,True,1,0.93698424,True,1,0.8599684,True,1,0.625837791322643,0.460606806109237,4.9501696353221165,585
1066,98,0.44614872,False,21,0.28812748,False,70,0.48725548,False,17,0.6188371068673578,0.4563766367311225,4.971993313111154,741
1067,98,0.9095827,True,1,0.9291212,True,1,0.8412294,True,1,0.6159785826478088,0.45637663673112244,4.971993313111154,741
1068,98,0.9094507,True,1,0.79003257,True,1,0.8275013,True,1,0.6335532983666972,0.4616769536236587,4.944648685106197,760
1069,98,0.88072395,True,1,0.93698424,True,1,0.85439694,True,1,0.6254148409946969,0.4616769536236587,4.944648685106197,760
1070,98,0.91079926,True,1,0.9291212,True,1,0.84083045,True,1,0.6225906408341356,0.455544436458001,4.976286680348532,903
1071,98,0.9157229,True,1,0.79003257,True,1,0.83634156,True,1,0.6170860248960092,0.45848011893407403,4.961141332084179,917
1072,98,0.87305075,True,1,0.93698424,True,1,0.8499268,True,1,0.6319359568414357,0.45993061069175023,4.953658164880768,922
1073,98,0.91317844,True,1,0.79003257,True,1,0.8368463,True,1,0.6224532935688958,0.457467847420166,4.966363696812373,1079
1074,98,0.8849954,True,1,0.93698424,True,1,0.8555796,True,1,0.6181763950683542,0.45746784742016594,4.9663636968123726,1079
1075,98,0.8111984,True,1,0.93698424,True,1,0.8240692,True,1,0.622700684294885,0.4567198595247157,4.970222607735623,1241
1076,705,0.31419417,False,113,0.36051834,False,69,0.32854939,False,113,0.7092530786991119,0.42216685086524636,5.148483490509595,50
1077,360,0.091637604,False,385,0.07676469,False,391,0.3534942,False,34,0.45090051324743974,0.5257936346268638,4.613867181567397,95
1078,360,0.08615064,False,413,0.07676469,False,391,0.34810412,False,38,0.5399876047824991,0.4900602609159613,4.798217632926775,145
1079,101,0.12477036,False,196,0.1596587,False,151,0.16936605,False,147,0.6173964808384578,0.44837296802806953,5.013284682626834,90
1080,29,0.84297794,False,2,0.8461155,False,2,0.85014004,False,2,0.6457215848721956,0.525668377828786,4.614513388316534,95
1081,891,0.26300249,False,70,0.1842464,False,134,0.26768497,False,67,0.6888591028819574,0.49727408168965853,4.76100113256451,107
1082,891,0.78991246,True,1,0.7220425,True,1,0.7786555,True,1,0.6714876118828269,0.3878843063059175,5.3253490340317855,102
1083,891,0.2696071,False,67,0.1842464,False,134,0.2775639,False,66,0.668571656293208,0.5106278348243967,4.692108381556799,202
1084,891,0.7611267,True,1,0.7220425,True,1,0.76004153,True,1,0.6803811503369273,0.4438876841339572,5.036424510314089,209
1085,891,0.7511593,True,1,0.7220425,True,1,0.7565747,True,1,0.6695500361291986,0.4694441509135912,4.904577284689853,304
1086,896,0.17485873,False,137,0.08510312,False,367,0.08400413,False,332,0.685505070436148,0.451737890764279,4.995924860119495,162
1087,98,0.07532382,False,580,0.10642734,False,523,0.07934147,False,590,0.5620058160561782,0.5313308785259361,4.585300234031472,65
1088,98,0.09706273,False,534,0.10642734,False,523,0.10322804,False,538,0.6501418478163329,0.4745288343964715,4.878345121371823,227
1089,98,0.9015107,True,1,0.92865586,True,1,0.867155,True,1,0.5610398265285108,0.4619621636139565,4.943177270991509,199
1090,98,0.8383025,True,1,0.92733556,True,1,0.8290588,True,1,0.6238372065126896,0.39533438937821314,5.286913643403568,120
1091,98,0.8258508,True,1,0.92733556,True,1,0.8226838,True,1,0.5846626653940327,0.4368984240895389,5.0724824894537255,319
1092,98,0.07261389,False,684,0.00484923,False,843,0.025321908,False,842,0.6429840685465397,0.5559905521216246,4.458079614044136,117
1093,98,0.9007695,True,1,0.91479045,True,1,0.8307999,True,1,0.5585081649237665,0.4220853322589014,5.14890404950846,116
1094,850,-0.021645589,False,915,-0.14596067,False,1004,-0.082691655,False,991,0.477802940417285,0.44205856271955596,5.045861048858253,201
1095,98,0.8724785,True,1,0.91479045,True,1,0.8212658,True,1,0.6009273954982921,0.4893252924474791,4.802009375906202,233
1096,850,-0.060046952,False,955,-0.14596067,False,1004,-0.07616341,False,991,0.5073354515931584,0.43474974652575177,5.083567635846972,317
1097,850,-0.09976749,False,977,-0.14596067,False,1004,-0.08095435,False,992,0.5439043183755216,0.4674344798315516,4.914945288955424,434
1098,609,0.73050815,False,2,0.8162665,True,1,0.7666172,True,1,0.6835797735310476,0.45856836747623037,4.960686052974235,109
1099,609,0.8351767,False,2,0.7408477,False,2,0.8049195,False,2,0.6353353702422208,0.46597456355758726,4.922477077759627,159
1100,609,0.8334557,False,2,0.7408477,False,2,0.8062619,False,2,0.6549571611320795,0.4629623420170354,4.938017295290942,268
1101,172,0.7170445,True,1,0.6547728,True,1,0.6689413,True,1,0.48878332999784774,0.4643509621221055,4.930853327365398,82
1102,767,0.40374506,False,37,0.42233798,False,32,0.44719383,False,26,0.5160828018708835,0.3779218485740421,5.376745904486242,126
1103,952,0.31674457,False,72,0.20346177,False,251,0.30056465,False,94,0.4879355497266117,0.33311399291751104,5.607912110105585,76
1104,767,0.41928843,False,22,0.42233798,False,32,0.4588804,False,20,0.5053205100747828,0.41199486449202855,5.200961330813602,208
1105,952,0.38229236,False,53,0.20346177,False,251,0.34566367,False,73,0.5054927466086822,0.3610634474359412,5.463719328382629,202
1106,952,0.3956007,False,49,0.20346177,False,251,0.3607059,False,60,0.5006681967421737,0.3908858988594113,5.3098636520325835,284
1107,365,0.8403577,True,1,0.8972139,True,1,0.78775084,True,1,0.6045488658704256,0.5504702854437641,4.486558975156832,95
1108,365,0.78486353,True,1,0.8599546,True,1,0.77933854,True,1,0.5580382584368141,0.4902099658132865,4.7974452970814125,103
1109,365,0.81253356,True,1,0.8599546,True,1,0.7932857,True,1,0.5803539539226378,0.5191227454339703,4.648282667875175,198
1110,365,0.23143055,False,161,0.13866717,False,432,0.22389714,False,183,0.7019763475053766,0.4323749835042981,5.0958191696209285,89
1111,609,0.51421815,False,8,0.124270625,False,442,0.43734297,False,20,0.4640598630363291,0.41763399633901416,5.171868737719051,110
1112,609,0.41744086,False,20,0.124270625,False,442,0.37114334,False,41,0.570464722924496,0.42422669914157835,5.137856619323408,199
1113,365,0.120556965,False,324,0.21523292,False,162,0.30191156,False,109,0.65685040654836,0.5297593991415757,4.593407583092677,143
1114,633,0.44046998,False,24,0.40530604,False,40,0.4506477,False,19,0.6533619111807889,0.46469050244987825,4.929101620034711,189
1115,717,0.11724734,False,415,0.3235952,False,62,0.25223935,False,158,0.611771149294717,0.48805283433004537,4.808574057712703,154
1116,471,0.33840287,False,51,0.08774599,False,346,0.23684978,False,182,0.6114882501009117,0.5175418094664035,4.656438803972178,279
1117,966,0.4292566,False,6,0.19549398,False,206,0.37361282,False,22,0.60454594095548,0.5356728540127303,4.562899742343846,348
1118,365,0.15482046,False,212,0.21523292,False,162,0.30227163,False,102,0.6160004799490544,0.5438203827023176,4.520866191200854,268
1119,717,0.11310562,False,416,0.3235952,False,62,0.23793717,False,168,0.6321108409336635,0.4726317758967313,4.8881321510968,245
1120,471,0.31702998,False,74,0.08774599,False,346,0.20569758,False,222,0.619194227994595,0.5081857326161311,4.704707321919996,377
1121,966,0.41300085,False,11,0.19549398,False,206,0.35741276,False,23,0.5984251046239739,0.5306495874457979,4.588815052395579,404
1122,365,0.1893638,False,174,0.21523292,False,162,0.34049746,False,87,0.6197792170853819,0.5339506054453677,4.571784917959086,491
1123,471,0.3449615,False,42,0.08774599,False,346,0.21972206,False,194,0.6283987670754775,0.4961980124020376,4.766552633535894,468
1124,966,0.3640932,False,23,0.19549398,False,206,0.32216644,False,43,0.6067624391312618,0.5210643220782015,4.638265966580506,502
1125,365,0.15299024,False,189,0.21523292,False,162,0.33282852,False,80,0.6136989952550291,0.5304168691139811,4.59001565914089,547
1126,966,0.2443664,False,90,0.19549398,False,206,0.25121352,False,107,0.6159344746732792,0.5096272146562046,4.6972706363480174,593
1127,365,0.22326684,False,89,0.21523292,False,162,0.39341915,False,40,0.6178672133028045,0.5229920678457404,4.628320619543671,645
1128,365,0.2953585,False,49,0.21523292,False,162,0.42351016,False,7,0.6238841733935735,0.5135387668048569,4.677090722468243,736
1129,609,0.14303173,False,414,0.029163066,False,721,0.20349926,False,287,0.5368546134233475,0.6341926396276228,4.054630719304659,50
1130,172,0.5090362,False,8,0.4981849,False,13,0.6153561,False,3,0.4106856629533588,0.526296170657164,4.6112745703922045,106
1131,172,0.48417768,False,13,0.4981849,False,13,0.6245367,False,2,0.4511244291296372,0.5608783722502597,4.4328630796590165,156
1132,838,-0.0326467,False,835,-0.07382294,False,880,-0.048222426,False,872,0.6288905509171032,0.43085913213555493,5.103639530672822,84
1133,172,0.18616776,False,125,0.14456622,False,176,0.23857449,False,91,0.5950435257620281,0.44837296802806953,5.013284682626834,90
1134,357,0.26897293,False,63,0.18139127,False,157,0.2925897,False,56,0.6365036061315825,0.40092562403476467,5.258068154563622,99
1135,172,0.2102567,False,107,0.14456622,False,176,0.26731968,False,75,0.6113834689403402,0.43991801276961423,5.056904264442139,174
1136,357,0.30227795,False,49,0.18139127,False,157,0.3070005,False,53,0.616760710717509,0.4235195973649098,5.141504596498485,189
1137,357,0.31873977,False,49,0.18139127,False,157,0.32623467,False,49,0.620492969240461,0.42577791575587753,5.1298538070136654,273
1138,278,0.5433689,False,2,0.24946964,False,70,0.5029773,False,4,0.6473415472290732,0.44465355530693723,5.032473338572951,55
1139,278,-0.050164614,False,858,0.055339288,False,644,0.0041302624,False,738,0.7290325116279514,0.5930528439934482,4.2668732003911485,172
1140,278,0.5175893,False,10,0.28780258,False,75,0.5346201,False,5,0.6349678169739874,0.5129303977433081,4.680229332105188,190
1141,313,0.43134177,False,12,0.31019685,False,56,0.44054022,False,18,0.6159691852517426,0.4656786557202386,4.924003682658941,192
1142,313,0.52361387,False,8,0.38907406,False,25,0.4920895,False,11,0.7050233053761488,0.5038628153065186,4.727009491417448,179
1143,278,0.555245,False,2,0.24946964,False,70,0.49027467,False,4,0.697836068395066,0.49103642857023666,4.793181530007302,146
1144,278,0.502952,False,10,0.28780258,False,75,0.52268326,False,5,0.6657274811380152,0.5378960875169024,4.551429957730524,276
1145,313,0.44118667,False,10,0.31019685,False,56,0.43235114,False,21,0.6495063884867182,0.5050821815889291,4.7207187133243,278
1146,313,0.531485,False,7,0.38907406,False,25,0.49298298,False,12,0.6521072948989936,0.48284690787158596,4.835431720247598,283
1147,278,0.5282113,False,2,0.24946964,False,70,0.48074612,False,5,0.6914656271791866,0.4899461088963606,4.798806549509553,234
1148,313,0.43597665,False,13,0.31019685,False,56,0.40274328,False,27,0.6693947130998412,0.5258664589702167,4.6134914767521815,364
1149,313,0.51930904,False,10,0.38907406,False,25,0.4784271,False,15,0.6689513736785588,0.5085317601926703,4.702922146514116,369
1150,278,0.514896,True,1,0.24946964,False,70,0.47094673,False,7,0.6513318034142432,0.4766320132234922,4.867494705478055,338
1151,313,0.4862168,False,14,0.38907406,False,25,0.45208973,False,20,0.6811867174866435,0.524507173834136,4.620504103950215,455
1152,278,0.48865935,False,4,0.24946964,False,70,0.43298185,False,12,0.6661482122287435,0.5002456722947568,4.745670532276465,424
1153,278,0.2966103,False,51,0.24946964,False,70,0.31499183,False,47,0.6775367481451409,0.5158955090910068,4.664932158664431,510
1154,885,0.4704679,False,20,0.4343647,False,38,0.47958133,False,22,0.574578657746315,0.3375801967940115,5.584870717284492,118
1155,717,0.14355303,False,319,0.19330348,False,348,0.23468083,False,196,0.55022422141499,0.4818353756103869,4.840650271130179,153
1156,990,0.56671953,False,3,0.31534904,False,58,0.53939795,False,3,0.5710640671578321,0.4705655486240857,4.898791931877786,242
1157,613,0.23192166,False,162,0.18314594,False,241,0.28605747,False,113,0.5493905153870583,0.44244574229784134,5.0438635679992805,200
1158,382,0.14500307,False,311,0.18584222,False,242,0.14494929,False,310,0.45515154374647987,0.5003827632078128,4.74496327267362,226
1159,108,-0.00041526512,False,768,-0.008007815,False,805,0.109086365,False,429,0.48855972424598043,0.46077229948350934,4.949315845850936,299
1160,717,0.13500205,False,344,0.19330348,False,348,0.25623602,False,163,0.5765311885075491,0.4367175838928015,5.073415454030823,305
1161,613,0.23306002,False,159,0.18314594,False,241,0.29117572,False,109,0.581433340210781,0.4631479760914032,4.937059598834005,321
1162,382,0.10483893,False,391,0.18584222,False,242,0.115849435,False,331,0.4734863227915008,0.48063981379314785,4.8468182406709,347
1163,108,0.008301882,False,692,-0.008007815,False,805,0.11160534,False,407,0.514608347896861,0.45651998704730407,4.97125376090138,378
1164,717,0.20924842,False,204,0.19330348,False,348,0.28593594,False,119,0.5094328836859328,0.46790205755300557,4.9125330296290874,452
1165,382,0.09495843,False,421,0.18584222,False,242,0.10997667,False,356,0.5150892161087602,0.4849644599401591,4.824507152005688,468
1166,108,0.022738652,False,598,-0.008007815,False,805,0.13090849,False,333,0.5129408028596388,0.4534269859822395,4.987210724467507,499
1167,717,0.22550261,False,185,0.19330348,False,348,0.3035843,False,103,0.5248705487410676,0.46381425154853134,4.933622246899509,531
1168,108,0.07682122,False,441,-0.008007815,False,805,0.1721229,False,264,0.536644289930982,0.4620022868885641,4.942970272798623,620
1169,717,0.28176156,False,114,0.19330348,False,348,0.33922908,False,77,0.5216898259255418,0.46009337189191224,4.952818470846937,652
1170,717,0.4784982,False,13,0.19330348,False,348,0.45057324,False,18,0.5393321677020728,0.46592785296157685,4.922718060307973,773
1171,255,0.12729034,False,383,-0.008996385,False,878,0.14952505,False,331,0.5361535706772254,0.5216790254725129,4.635094677770493,364
1172,426,0.24812363,False,129,0.067173675,False,478,0.2162194,False,173,0.5385774961322026,0.47396897287207124,4.881233477941707,401
1173,927,0.36430725,False,26,0.5634021,False,3,0.38978034,False,21,0.5390180047501271,0.49321598822074875,4.781937061220578,409
1174,874,-0.063948296,False,942,0.028902542,False,671,-0.06663086,False,941,0.5201899172478192,0.5055401156470807,4.7183562061903235,437
1175,998,0.09477278,False,497,0.16359267,False,373,0.08002568,False,521,0.5279809251227187,0.5110466363888976,4.689947761121953,446
1176,255,0.0965405,False,508,-0.008996385,False,878,0.06717203,False,644,0.5176090111768027,0.5054551282035791,4.718794661111937,436
1177,927,0.32486072,False,49,0.5634021,False,3,0.3743911,False,34,0.5412936339212447,0.4796030138821682,4.852167148756233,485
1178,874,0.069110915,False,628,0.028902542,False,671,0.09888451,False,584,0.5287472911092431,0.4971488880603484,4.761647013422482,516
1179,998,-0.030080209,False,860,0.16359267,False,373,0.010934963,False,801,0.5280938134758871,0.511763460914242,4.6862496237487,526
1180,255,0.09479568,False,495,-0.008996385,False,878,0.122273564,False,379,0.5306640858638961,0.5135887255289083,4.676832982647683,530
1181,874,0.13976622,False,315,0.028902542,False,671,0.21842664,False,260,0.5319301532455594,0.4854914675501776,4.821788290597226,592
1182,998,-0.008412386,False,834,0.16359267,False,373,0.03586052,False,751,0.5343602549808084,0.5037940101524905,4.7273644610126375,605
1183,255,-0.025207195,False,845,-0.008996385,False,878,0.012136231,False,814,0.5304095390023755,0.5138734510520727,4.675364067925734,610
1184,998,0.075701356,False,503,0.16359267,False,373,0.09092424,False,535,0.5365007382854491,0.49291850028314554,4.7834718179444975,681
1185,255,-0.01127892,False,844,-0.008996385,False,878,0.0020680288,False,880,0.5356464835508296,0.5066336732120899,4.712714482228631,689
1186,255,-0.018305013,False,766,-0.008996385,False,878,-0.062325172,False,909,0.5374241512098343,0.49667022665842514,4.7641164540693905,765
1187,164,0.30235204,False,127,0.3158595,False,127,0.31603572,False,123,0.5400500426085683,0.4904439250951293,4.796238288206283,444
1188,184,0.7416515,True,1,0.63357,False,2,0.7238194,False,2,0.5563184456560164,0.5341420583840972,4.57079720165907,362
1189,746,0.1461259,False,377,0.1927135,False,319,0.16760932,False,343,0.551476720497822,0.5335329704349602,4.573939520076843,368
1190,914,0.5328262,False,3,0.6570887,False,3,0.6001028,True,1,0.5839773520863462,0.5195703007713685,4.645973705135604,412
1191,432,0.25170168,False,157,0.18149392,False,187,0.241916,False,162,0.5787111892313748,0.5062770751813589,4.71455419119233,455
1192,164,0.29849416,False,131,0.3158595,False,127,0.31851393,False,127,0.5481238164912069,0.4954279862619235,4.770525240982283,519
1193,746,0.14875524,False,364,0.1927135,False,319,0.17090295,False,334,0.5660609185047771,0.5325616642168056,4.578950542578487,437
1194,914,0.5399037,False,2,0.6570887,False,3,0.6083958,True,1,0.5480109294599825,0.5268551265568917,4.608390885990098,505
1195,432,0.25888363,False,162,0.18149392,False,187,0.25877327,False,144,0.5842401532991097,0.508093586041692,4.705182711194083,505
1196,164,0.26104948,False,164,0.3158595,False,127,0.30757332,False,141,0.5536528137521912,0.4991534461239718,4.751305387501718,594
1197,914,0.5302002,False,3,0.6570887,False,3,0.6075734,True,1,0.5595308495133804,0.5269183851113398,4.608064531608919,574
1198,432,0.2993491,False,121,0.18149392,False,187,0.2799047,False,126,0.5538263005581389,0.516030327666356,4.664236622177495,598
1199,164,0.277877,False,136,0.3158595,False,127,0.31137267,False,109,0.5599339405040008,0.5011309607782225,4.741103280025655,644
1200,432,0.34754363,False,69,0.18149392,False,187,0.2981036,False,111,0.5631384047633525,0.5172045728443173,4.658178626357815,667
1201,164,0.28331646,False,142,0.3158595,False,127,0.31568044,False,107,0.5383233487141019,0.5084494080523769,4.7033470057607225,737
1202,164,0.3078413,False,104,0.3158595,False,127,0.32909715,False,99,0.5473566950938986,0.5100701338427799,4.694985591766963,806
1203,747,0.21125554,False,221,0.11304529,False,536,0.21489675,False,266,0.7109612950256893,0.5590331973087109,4.442382439237643,84
1204,547,0.2427274,False,130,0.21605502,False,214,0.2693089,False,153,0.596687799923017,0.43054610289315365,5.105254465847772,71
1205,547,0.24750164,False,146,0.21605502,False,214,0.25666872,False,167,0.6586166617851104,0.5001778185764234,4.746020593362283,155
1206,458,0.66904587,True,1,0.641048,False,5,0.6532294,True,1,0.5741871240593138,0.5713711216333592,4.3787304052458795,105
1207,361,0.09339971,False,337,0.37720945,False,49,0.25434285,False,137,0.6685588271180286,0.6017251559525361,4.2221322633354506,79
1208,737,0.07892773,False,597,0.124467485,False,496,0.1652387,False,345,0.5444438254411241,0.5465085356505677,4.506997861461202,113
1209,376,0.4862653,False,6,0.37733147,False,29,0.3729723,False,19,0.5396834694517728,0.561692519965854,4.428662846564396,156
1210,458,0.7372532,False,4,0.23632678,False,72,0.57996726,False,15,0.6204777339048553,0.5712128520783215,4.3795469266340845,57
1211,361,0.14937517,False,237,0.37720945,False,49,0.34408927,False,63,0.6147054096116967,0.5844035602812667,4.311495333447381,184
1212,737,0.16526529,False,338,0.124467485,False,496,0.22695495,False,182,0.5955119771727672,0.5692278742123152,4.389787537232378,192
1213,376,0.49252683,False,8,0.37733147,False,29,0.3774167,False,18,0.5416831728971138,0.5553141176326669,4.46156937698573,269
1214,458,0.7644716,True,1,0.23632678,False,72,0.58102876,False,15,0.5613044697983723,0.5642402144748242,4.415519149681636,213
1215,737,0.17803843,False,273,0.124467485,False,496,0.25704402,False,133,0.5879728876882129,0.5699855879470277,4.385878450166444,297
1216,376,0.58820266,False,3,0.37733147,False,29,0.45801386,False,9,0.5704854047461145,0.5658499567914878,4.407214400036385,348
1217,458,0.7818124,True,1,0.23632678,False,72,0.6032848,False,10,0.5554601360180992,0.5580939577044531,4.447228028304615,326
1218,376,0.6128297,False,3,0.37733147,False,29,0.49181902,False,8,0.5713434191564587,0.5671296969866235,4.400612149588255,453
1219,458,0.80629677,True,1,0.23632678,False,72,0.62095416,False,9,0.5775213621832707,0.5666047346466717,4.403320459335322,405
1220,458,0.78070736,True,1,0.23632678,False,72,0.6353612,False,5,0.5768349013930443,0.5675860496145193,4.398257801140437,510
1221,458,0.6486251,False,3,0.52598184,False,10,0.6221354,False,3,0.6883072756735006,0.5583457299530548,4.445929121348753,133
1222,500,0.088778205,False,471,0.09807851,False,490,0.09271578,False,423,0.5728291735837334,0.5225896407309247,4.630396763286932,114
1223,500,0.086586036,False,489,0.09807851,False,490,0.07533416,False,497,0.6350096900936081,0.5418429195428409,4.531068033012529,247
1224,747,0.41053697,False,20,0.19548377,False,329,0.30923176,False,100,0.4642914897656139,0.5195659382189348,4.645996211784898,79
1225,269,0.21721485,False,131,0.07612847,False,320,0.22597384,False,167,0.5219903202371651,0.4108560319738924,5.206836630762598,89
1226,229,0.51322234,False,8,0.43900675,False,33,0.5645074,False,8,0.4566796165088127,0.4812678843338717,4.843577990013218,87
1227,269,0.71871597,False,3,0.7405603,False,3,0.68625844,False,4,0.5504743280899094,0.45042152402175045,5.00271606895141,83
1228,229,0.8199505,True,1,0.7826486,False,2,0.7666916,True,1,0.6317118696960402,0.5106146020306194,4.692176650271791,81
1229,269,0.28876573,False,66,0.07612847,False,320,0.2729065,False,104,0.49485813209875706,0.4619755712200731,4.943108100409989,168
1230,229,0.47401825,False,14,0.43900675,False,33,0.5472353,False,11,0.48970605191690003,0.44566189081092755,5.027271279937621,176
1231,269,0.69060063,False,7,0.7405603,False,3,0.65879846,False,6,0.5024735051042893,0.4662076025344242,4.921274816788925,170
1232,229,0.79701996,True,1,0.7826486,False,2,0.76835406,False,2,0.5905977480295228,0.4801510320627162,4.849339892652331,164
1233,229,0.51560366,False,9,0.43900675,False,33,0.554749,False,10,0.48183252089748196,0.4685576545177219,4.909150768627562,255
1234,269,0.69962955,False,6,0.7405603,False,3,0.6825929,False,5,0.5091800554781347,0.4471871786738554,5.019402235490303,259
1235,229,0.796413,False,2,0.7826486,False,2,0.780076,False,2,0.5441799096139779,0.4805381481885748,4.847342739147937,251
1236,269,0.7283685,False,5,0.7405603,False,3,0.682143,False,4,0.4986883492908887,0.46410410767995386,4.932126863085784,338
1237,229,0.8056632,False,2,0.7826486,False,2,0.7936072,False,2,0.5383714582771063,0.4622978295323786,4.941445551952951,340
1238,229,0.78798217,False,3,0.7826486,False,2,0.76198995,True,1,0.524404113378758,0.4730953965639727,4.885740306432005,419
1239,229,0.7971009,False,3,0.7181523,False,4,0.79259735,True,1,0.5054994047912833,0.5552076265818153,4.46211877020701,73
1240,203,0.20547219,False,113,0.25020647,False,59,0.21357691,False,115,0.6506867594010121,0.41323195048682404,5.194579135744199,37
1241,167,0.55759543,False,5,0.45400497,False,27,0.5958577,False,5,0.5122657935870322,0.5712128520783215,4.3795469266340845,57
1242,203,0.19760747,False,109,0.25020647,False,59,0.21223025,False,108,0.5543351513418284,0.5074521718953183,4.708491802251337,110
1243,167,0.54419386,False,4,0.45400497,False,27,0.6008649,False,5,0.5667506418329604,0.5090288801752851,4.700357477028491,94
1244,167,0.6065537,False,2,0.45400497,False,27,0.61613464,False,6,0.539976148994383,0.5292147992631696,4.596217203986766,167
1245,259,0.2816906,False,85,0.25681576,False,111,0.2903363,False,76,0.6843433454632759,0.44397804256622786,5.03595834616435,392
1246,196,0.5319006,True,1,0.3205196,False,46,0.38032687,False,29,0.5824352756713741,0.48777797547961754,4.809992069724287,574
1247,1000,0.53753704,False,5,0.39964992,False,22,0.4980692,False,6,0.585322342128778,0.46755975426594093,4.91429899121958,588
1248,196,0.54786205,False,4,0.55410373,False,6,0.5578585,False,3,0.5947046500006947,0.4621555494128167,4.942179582959172,545
1249,1000,0.5721605,False,3,0.3625362,False,32,0.52323496,False,5,0.6379583271176327,0.47140867563190425,4.8944421930117565,508
1250,259,0.27617273,False,89,0.25681576,False,111,0.3076393,False,69,0.6404268148737823,0.4691306802642031,4.906194497107862,516
1251,1000,0.48788074,False,6,0.39964992,False,22,0.43464053,False,11,0.5952048719732347,0.4823300811364223,4.838098057959588,668
1252,196,0.48440805,False,15,0.55410373,False,6,0.5434447,False,4,0.6013073237693828,0.46338100808336846,4.935857373898639,690
1253,1000,0.58105403,False,3,0.3625362,False,32,0.50496256,False,5,0.6075820071456578,0.4602295942156726,4.952115692344309,639
1254,259,0.3619641,False,50,0.25681576,False,111,0.37334567,False,43,0.6462344767373116,0.4660383070330465,4.922148221644132,610
1255,196,0.5319006,True,1,0.55410373,False,6,0.4983311,False,4,0.6082199619574981,0.4766289016471184,4.867510758272667,770
1256,1000,0.53753704,False,5,0.3625362,False,32,0.49127617,False,8,0.611011379740524,0.4616643263410126,4.944713829955772,784
1257,259,0.3618856,False,51,0.25681576,False,111,0.3687932,False,46,0.6185763875844508,0.45734746393112796,4.966984761890636,741
1258,1000,0.48788074,False,6,0.3625362,False,32,0.42362922,False,12,0.6162734247951044,0.47362985016448006,4.882983030746779,864
1259,259,0.38985345,False,39,0.25681576,False,111,0.3432346,False,56,0.619811650508548,0.45908870419921555,4.9580016070409405,886
1260,259,0.38521966,False,23,0.25681576,False,111,0.3776754,False,32,0.6237892750072183,0.47000408965969137,4.90168852972895,966
1261,970,0.97357446,True,1,0.942628,True,1,0.9621796,True,1,0.7013446299926095,0.42481065880817914,5.134843939105063,92
1262,970,0.97242445,True,1,0.9421659,True,1,0.953635,True,1,0.6448242771236793,0.42481065880817903,5.134843939105063,92
1263,970,0.97023827,True,1,0.9421659,True,1,0.95158255,True,1,0.6730844535581444,0.42481065880817914,5.134843939105065,184
1264,426,0.40137485,False,49,0.3533981,False,88,0.39763054,False,55,0.4959052748059573,0.479403620959149,4.853195827874355,73
1265,970,0.11151856,False,488,0.15751189,False,275,0.0026559078,False,823,0.5546525501713311,0.5440058880260008,4.5199091589758185,97
1266,970,0.0733244,False,608,0.15751189,False,275,-0.012122473,False,875,0.5294257789850235,0.5162649145208231,4.663026375620484,170
1267,44,0.45039606,False,12,0.30856994,False,29,0.54630864,False,7,0.6372221840235094,0.45638893649153783,4.971929857966881,96
1268,675,0.29844972,False,98,0.3154134,False,92,0.3759431,False,44,0.5426545318804289,0.4406008823543492,5.05338130248551,95
1269,182,0.6889516,False,4,0.7064391,False,3,0.6792027,False,4,0.6581156836903613,0.42481065880817903,5.134843939105063,92
1270,970,0.8168354,True,1,0.88163596,True,1,0.75542283,True,1,0.7004173178564418,0.4768658751690182,4.866288198766367,110
1271,675,0.31097406,False,99,0.3154134,False,92,0.40692016,False,38,0.5901859172507731,0.44853623940759585,5.012442356549445,191
1272,182,0.6827709,False,4,0.7064391,False,3,0.67252946,False,4,0.5994589488136577,0.43283243012842587,5.093459177186039,187
1273,970,0.9155501,True,1,0.88163596,True,1,0.8544759,True,1,0.6811512270481279,0.45315755880665587,4.988600714168149,202
1274,182,0.6762578,False,4,0.7064391,False,3,0.664069,False,5,0.6122690922063989,0.44082332981343914,5.0522336837406705,283
1275,970,0.94185114,True,1,0.88163596,True,1,0.89885145,True,1,0.6368509373480222,0.4491411134767935,5.009321777771345,297
1276,970,0.94717246,True,1,0.88163596,True,1,0.90672326,True,1,0.6369416235588282,0.4509115740605478,5.000187873696973,393
1277,635,0.43625236,False,12,0.4994477,False,11,0.48390615,False,11,0.7385732145870433,0.41157042910605884,5.203151016445007,102
1278,970,0.95903367,True,1,0.94673204,True,1,0.9471434,True,1,0.697968826993652,0.42481065880817903,5.134843939105063,92
1279,970,0.95662165,True,1,0.95334935,True,1,0.9455061,True,1,0.6836302242380508,0.42656092137064133,5.1258142377396725,94
1280,970,0.9525224,True,1,0.94673204,True,1,0.94636357,True,1,0.7193175256252289,0.41784930092355915,5.170757969459054,194
1281,970,0.95875585,True,1,0.95334935,True,1,0.94323224,True,1,0.6907224363537245,0.4256952001031869,5.130280541640834,186
1282,970,0.9611574,True,1,0.95334935,True,1,0.9474818,True,1,0.707669586978025,0.42069267704170404,5.156088834800645,288
1283,989,0.2191506,False,128,0.048504326,False,297,0.12962975,False,223,0.6813083585103353,0.43312821677234914,5.091933197530313,75
1284,508,0.70783705,False,2,0.17104009,False,186,0.5589936,False,2,0.6512127413854494,0.5602255942678152,4.436230797375087,91
1285,508,0.76866055,False,2,0.70425314,False,4,0.7962799,False,2,0.7058519966900348,0.5178739104319741,4.6547254767225565,80
1286,970,0.9683446,True,1,0.9401947,True,1,0.9427985,True,1,0.6572495829078215,0.40566160938797025,5.233634944182804,79
1287,508,0.6448299,True,1,0.17104009,False,186,0.500754,False,8,0.6648101587611509,0.5028020803391406,4.732481881782569,166
1288,508,0.78811073,False,2,0.70425314,False,4,0.8024798,False,2,0.6767749660893491,0.5404119410112812,4.538450530403142,171
1289,970,0.9669742,True,1,0.9401947,True,1,0.9373195,True,1,0.6817036275781175,0.46212062878117965,4.942359740429221,159
1290,508,0.8002626,False,2,0.70425314,False,4,0.8010602,False,2,0.6781570979250156,0.5077034884994117,4.707195245990694,246
1291,970,0.96667224,True,1,0.9401947,True,1,0.93066,True,1,0.6706049450039864,0.497830836218315,4.758128805157516,250
1292,970,0.9174053,True,1,0.9401947,True,1,0.898292,True,1,0.6730749635054515,0.48289946250001514,4.835160588012776,325
1293,970,0.08367277,False,522,0.23135202,False,221,0.09420625,False,562,0.532149171254721,0.4413579931012276,5.049475326267165,83
1294,896,0.29063064,False,28,0.23761708,False,46,0.3627861,False,18,0.588719120492106,0.42481065880817903,5.134843939105063,92
1295,896,0.33038577,False,21,0.23761708,False,46,0.4216173,False,15,0.5618888017109462,0.43265882307288206,5.0943548255876605,175
1296,182,0.5329037,False,10,0.67711926,False,4,0.54455096,False,9,0.6588225273982339,0.3885813579444909,5.321752906075005,92
1297,44,0.22772242,False,41,0.2753928,False,38,0.2612347,False,34,0.6786786672472954,0.4427308838021544,5.042392507207577,100
1298,970,0.14342558,False,348,0.14476523,False,386,0.10529715,False,533,0.6836222698179524,0.4323749835042981,5.0958191696209285,89
1299,44,0.24548967,False,35,0.2753928,False,38,0.27611983,False,32,0.6691642669029534,0.4167842359953573,5.176252698331552,192
1300,970,0.24751009,False,146,0.14476523,False,386,0.18034357,False,290,0.681006607082155,0.4378542958312062,5.067551094269949,189
1301,970,0.24369794,False,137,0.14476523,False,386,0.20905799,False,227,0.6737434920254975,0.42172223075797555,5.150777310234593,281
1302,324,0.34070927,False,23,0.29452312,False,31,0.32094967,False,28,0.5167125951574774,0.45402509939625135,4.984125024283436,98
1303,526,0.6548598,False,5,0.5184926,False,13,0.64195246,False,5,0.7006982970483524,0.46686184855979596,4.917899525358197,97
1304,526,0.6754653,False,5,0.5184926,False,13,0.654979,False,5,0.6082336878929383,0.46041055923657864,4.95118208379242,195
1305,182,0.71445805,False,3,0.7144671,False,4,0.691488,False,3,0.6903474098757694,0.44060088235434913,5.05338130248551,95
1306,970,0.9182748,True,1,0.9418969,True,1,0.899806,True,1,0.6284169498085975,0.4427308838021544,5.042392507207576,100
1307,970,0.88338304,True,1,0.93872833,True,1,0.85966575,True,1,0.7150840275749868,0.4540250993962514,4.984125024283436,98
1308,970,0.9291988,True,1,0.9418969,True,1,0.90575534,True,1,0.658588199584912,0.44169319078912117,5.047746022855801,195
1309,970,0.9370396,True,1,0.93872833,True,1,0.9051522,True,1,0.6713127761778205,0.4483209501063035,5.013553045962295,198
1310,970,0.95297587,True,1,0.93872833,True,1,0.9279294,True,1,0.6774844150901248,0.4458178564665913,5.026466644493713,293
1311,970,0.96278936,True,1,0.9286377,True,1,0.93953305,True,1,0.6813429397197417,0.4383578400396214,5.0649532818481,162
1312,635,0.44583106,False,12,0.43996474,False,14,0.49623197,False,11,0.6109210632008607,0.4346592279561495,5.084034626154061,244
1313,508,0.7755553,True,1,0.70340395,False,2,0.8008344,True,1,0.6348320071186339,0.4452829190182795,5.029226416376525,245
1314,508,0.747084,False,2,0.5910029,False,10,0.7365941,True,1,0.6776586197665893,0.44230300555245833,5.044599954763369,256
1315,970,0.76841444,False,2,0.8028366,True,1,0.7636014,False,2,0.6673173431839262,0.4540218049949172,4.98414202028213,245
1316,970,0.961064,True,1,0.9286377,True,1,0.9372591,True,1,0.6815023478623983,0.44360335580676435,5.0378913758800525,259
1317,508,0.7847353,True,1,0.70340395,False,2,0.8066529,True,1,0.6106251028383741,0.4393835568368189,5.059661552159768,322
1318,508,0.7483872,False,2,0.5910029,False,10,0.73136806,True,1,0.6481444257480359,0.447291269669625,5.018865224285935,342
1319,970,0.7516408,False,2,0.8028366,True,1,0.7638363,False,2,0.6849241109987709,0.44527901502299233,5.029246557304138,326
1320,970,0.9665874,True,1,0.9286377,True,1,0.94365543,True,1,0.664883239730883,0.44604724876589674,5.0252831969340885,337
1321,508,0.7464528,False,2,0.5910029,False,10,0.72829556,True,1,0.6270950715410966,0.44238855457992604,5.044158602599014,419
1322,970,0.8080085,True,1,0.8028366,True,1,0.77596545,False,2,0.658907881386361,0.44879855267737373,5.01108906788232,412
1323,970,0.96242845,True,1,0.9286377,True,1,0.93933576,True,1,0.6790865141025,0.4407740179613588,5.0524880863129535,418
1324,970,0.80425626,True,1,0.8028366,True,1,0.76665676,False,2,0.6391768681003516,0.4443603146115648,5.03398618353929,489
1325,970,0.9578914,True,1,0.9286377,True,1,0.93494076,True,1,0.6588153766675128,0.4444198101456953,5.03367924278806,504
1326,970,0.94522846,True,1,0.9286377,True,1,0.9130801,True,1,0.6422209831502885,0.44126467204028863,5.049956774782063,581
1327,970,0.973689,True,1,0.94193447,True,1,0.9565193,True,1,0.6680851536989212,0.4427308838021544,5.042392507207576,100
1328,855,0.5567802,False,10,0.5847284,False,10,0.569884,False,10,0.6799062713980675,0.44273088380215436,5.042392507207576,100
1329,970,0.82924604,True,1,0.6633867,False,6,0.80729824,True,1,0.7562398968204376,0.4250429645248452,5.133645461064137,93
1330,970,0.96655697,True,1,0.9092258,True,1,0.95606,True,1,0.7227893344899441,0.42656092137064133,5.1258142377396725,94
1331,970,0.9580881,True,1,0.9009118,True,1,0.9473162,True,1,0.743445397384705,0.4660953148882231,4.921854114966217,93
1332,855,0.5522327,False,10,0.5847284,False,10,0.56963086,False,10,0.6739957125484943,0.4427308838021544,5.042392507207577,200
1333,970,0.89111525,True,1,0.6633867,False,6,0.86503685,True,1,0.7166887955653235,0.434207689538995,5.086364137822395,193
1334,970,0.96349984,True,1,0.9092258,True,1,0.9539437,True,1,0.7394251756489596,0.42580600165588717,5.1297089103021065,187
1335,970,0.95695615,True,1,0.9009118,True,1,0.9450101,True,1,0.7330621358226327,0.4462224111948933,5.024379524274799,187
1336,970,0.9048398,True,1,0.6633867,False,6,0.87200344,True,1,0.7001005218907834,0.4371166295605512,5.07135675536,293
1337,970,0.96294206,True,1,0.9092258,True,1,0.95343643,True,1,0.7186868814848857,0.4317031731354228,5.099285076471259,287
1338,970,0.9491879,True,1,0.9009118,True,1,0.93866426,True,1,0.7407604635826179,0.4391878092651988,5.060671424708401,280
1339,970,0.9633132,True,1,0.9092258,True,1,0.95359695,True,1,0.7056114996280473,0.43455271077540514,5.084584154180902,387
1340,970,0.9473592,True,1,0.9009118,True,1,0.9356868,True,1,0.7247462024814204,0.44012019730123964,5.055861183260815,380
1341,970,0.9629224,True,1,0.9009118,True,1,0.9517141,True,1,0.7129418173183998,0.4406640903222636,5.053055209083057,480
1342,653,-0.016445676,False,701,0.056982435,False,397,-0.025041189,False,856,0.464545810234177,0.41458133478620673,5.187617587510297,129
1343,526,0.08603696,False,494,0.11986319,False,483,0.06279857,False,593,0.6611082986609577,0.5595972265985633,4.439472580935279,73
1344,909,0.19845994,False,102,0.13510957,False,182,0.22113356,False,106,0.652717576937729,0.4604020967960937,4.9512257419909345,89
1345,526,0.050111957,False,616,0.11986319,False,483,0.02615269,False,722,0.535580768923063,0.4669880679659197,4.917248352460909,202
1346,909,0.17715682,False,124,0.13510957,False,182,0.2166781,False,112,0.6564985811710358,0.5051011367688116,4.720620922502892,162
1347,909,0.203713,False,100,0.13510957,False,182,0.24036822,False,104,0.5714061157041809,0.46497380186930626,4.927640062660814,291
1348,272,0.53796434,False,8,0.71701306,False,2,0.58017886,False,6,0.560993026035863,0.5310245838707466,4.586880425098511,74
1349,108,0.12232161,False,334,0.13746466,False,260,0.11509873,False,283,0.6753428401713518,0.45338934320197327,4.987404925652894,97
1350,44,0.4956556,False,6,0.37976217,False,36,0.411498,False,24,0.5550389105684301,0.429946884804985,5.108345865106917,89
1351,108,0.1367709,False,297,0.13746466,False,260,0.123295695,False,288,0.6258581252823099,0.4869858800995711,4.81407853360012,171
1352,44,0.48609805,False,8,0.37976217,False,36,0.39480022,False,30,0.6177780566516743,0.44217225289373696,5.045274514961539,186
1353,44,0.47461364,False,8,0.37976217,False,36,0.38846973,False,34,0.6016161633225587,0.46746099324873197,4.914808504769754,260
1354,427,0.08124189,False,429,-0.13393345,False,1020,-0.003065985,False,950,0.5770843739737757,0.4251468840120577,5.133109334681902,128
1355,213,-0.049564153,False,968,0.26246345,False,84,0.2129732,False,189,0.5761575467330365,0.5242249157476365,4.621960289029939,121
1356,758,0.3045825,False,72,0.2238941,False,130,0.3353773,False,67,0.643410409650495,0.49623608256060386,4.766356227482219,62
1357,616,0.18391022,False,235,0.26166248,False,99,0.3006753,False,67,0.5144287902044087,0.5344716759514477,4.569096686398219,82
1358,758,0.32963425,False,68,0.2238941,False,130,0.3684515,False,56,0.5989426696886782,0.5147423602416473,4.670881317358034,183
1359,616,0.18124822,False,233,0.26166248,False,99,0.3095447,False,66,0.5699625430214736,0.5180091287970566,4.654027877698273,144
1360,616,0.19753484,False,190,0.26166248,False,99,0.32824847,False,51,0.5727912050935458,0.5208472805744911,4.639385695702543,265
1361,52,0.37700897,False,46,0.28167132,False,84,0.37466425,False,50,0.7017849341586784,0.5046615699968912,4.7228886717913205,108
1362,891,0.35417056,False,65,0.3389116,False,69,0.4563006,False,27,0.7040392727806017,0.5353526628311982,4.5645516263588926,78
1363,891,0.3542278,False,65,0.3389116,False,69,0.4154227,False,45,0.7027303019678721,0.5175320282822458,4.6564892656422385,186
1364,610,0.7642364,True,1,0.7663359,True,1,0.72282577,True,1,0.6861244042714437,0.5286294370986999,4.599237119769186,66
1365,610,0.7713723,True,1,0.80994475,True,1,0.7269577,True,1,0.4820433559047209,0.484077011764845,4.829085546226194,74
1366,1013,0.23942102,False,204,0.2380666,False,220,0.27303988,False,177,0.64123232091995,0.42677426257980017,5.124713598641889,47
1367,727,0.24302064,False,163,0.13496117,False,428,0.25659177,False,155,0.45521233808249234,0.5935240100971132,4.264442428402512,80
1368,610,0.75546795,True,1,0.80994475,True,1,0.71009046,True,1,0.5782529929918903,0.5050802979936624,4.720728430896462,140
1369,1013,0.25367263,False,178,0.2380666,False,220,0.28484178,False,162,0.5438770861172479,0.46181891910619116,4.943916277329812,121
1370,727,0.24811375,False,167,0.13496117,False,428,0.25938886,False,156,0.5240543789750948,0.5318134736143282,4.5828104992785015,127
1371,1013,0.26153168,False,164,0.2380666,False,220,0.28202814,False,164,0.5940820219363758,0.48539910192707664,4.822264809955473,187
1372,727,0.25462914,False,153,0.13496117,False,428,0.26051164,False,156,0.5085876341631164,0.514238855818996,4.673478924522926,201
1373,727,0.2443966,False,172,0.13496117,False,428,0.24871475,False,180,0.552473127897759,0.5177960781577992,4.655127017729867,267
1374,458,0.36862808,False,74,0.36103493,False,92,0.43285206,False,41,0.6051486180226008,0.5249336283693453,4.618304001416205,75
1375,184,0.5300855,False,9,0.18801984,False,207,0.3057105,False,96,0.5516841612183131,0.588932163552697,4.28813201869658,91
1376,49,0.4722795,False,29,0.3831656,False,68,0.5223098,False,15,0.631282114982605,0.5249336283693452,4.618304001416206,75
1377,184,0.5534853,False,7,0.18801984,False,207,0.30690494,False,94,0.5758397892925394,0.5600171627168452,4.437306107274725,166
1378,49,0.46746877,False,29,0.3831656,False,68,0.5391702,False,12,0.5876470921359148,0.5600171627168453,4.437306107274725,166
1379,49,0.48119456,False,26,0.3831656,False,68,0.56943387,False,11,0.593093625088203,0.5490990503680382,4.493633252754439,241
1380,184,0.29647437,False,82,0.27011722,False,117,0.1857098,False,251,0.5946213996563202,0.650646439674002,3.9697446548186313,78
1381,375,0.058069907,False,658,0.084702246,False,599,0.064496845,False,646,0.6037649161195102,0.5278680691482956,4.603165059135986,73
1382,257,0.3584893,False,57,0.20492601,False,251,0.31843394,False,104,0.5504774482960396,0.5154673192072136,4.667141213957766,141
1383,819,0.10540426,False,364,-0.18832576,False,996,0.029443352,False,631,0.6202995494063459,0.48473275144174627,4.825702548964614,269
1384,375,0.06336274,False,642,0.084702246,False,599,0.06372171,False,645,0.5990417751650147,0.5912900088900512,4.275967764190597,151
1385,257,0.3756305,False,50,0.20492601,False,251,0.3297286,False,102,0.5686549490021768,0.5196974815702929,4.645317572359683,214
1386,819,0.16234137,False,248,-0.18832576,False,996,0.075410575,False,466,0.596287558536704,0.49530244425865083,4.771172919120796,410
1387,257,0.36904544,False,53,0.20492601,False,251,0.32728028,False,102,0.5755911926700644,0.5546769977760782,4.46485631356447,292
1388,819,0.10681491,False,356,-0.18832576,False,996,0.05285515,False,524,0.5974176767635049,0.5002243710018063,4.745780426824955,483
1389,819,0.15305747,False,262,-0.18832576,False,996,0.074472,False,475,0.5970288895721316,0.5211386693198655,4.637882405048675,561
1390,201,0.38761336,False,24,0.3250126,False,91,0.40783668,False,20,0.3728115165233612,0.4522547036625473,4.993258593792814,100
1391,1007,0.3678793,False,34,0.5149069,False,7,0.44501418,False,15,0.5686593046111446,0.5793781827745554,4.3374215339541875,62
1392,1007,0.38428137,False,28,0.5149069,False,7,0.4410182,False,12,0.447765608260661,0.5009068993720811,4.7422592252125995,162
1393,385,0.024949374,False,742,0.21234182,False,171,0.06464239,False,553,0.5572896178525227,0.5380694784825487,4.550535424148636,104
1394,964,0.0044743377,False,821,0.18312104,False,314,0.24704105,False,124,0.45680020856005804,0.326899153434518,5.6399748107362395,196
1395,699,0.05790433,False,504,0.39925522,False,29,0.31820482,False,30,0.47843369331072877,0.4379280101842929,5.067170797845292,108
1396,964,0.04482737,False,728,0.18312104,False,314,0.26562083,False,91,0.49163653711477917,0.40010486611783525,5.2623024900525355,300
1397,699,0.07825988,False,447,0.39925522,False,29,0.32371363,False,28,0.464485788668849,0.3663436157008853,5.436478648261823,304
1398,699,0.0979001,False,392,0.39925522,False,29,0.33387464,False,29,0.48814166669605996,0.4101168748413093,5.210649983291796,408
1399,270,0.8060838,True,1,0.78565305,True,1,0.79004866,True,1,0.7114683011403451,0.41531437638653124,5.183835785350268,104
1400,978,0.37970248,False,33,0.1882741,False,158,0.41534406,False,30,0.6964944649127222,0.439393583951637,5.059609821719829,217
1401,978,0.3491171,False,37,0.1882741,False,158,0.40533867,False,30,0.7013458012606124,0.43159222075297343,5.099857485949005,321
1402,809,0.24607886,False,125,0.20275663,False,267,0.29494333,False,65,0.5302948335993964,0.42072156388736365,5.155939805966179,106
1403,181,0.87435406,True,1,0.9567742,True,1,0.91085327,True,1,0.6889769098824925,0.48238457206557006,4.837816936242264,180
1404,181,0.83242756,True,1,0.9567742,True,1,0.9039079,True,1,0.6301646718195268,0.45953045015336763,4.955722615230848,286
1405,308,0.24371804,False,150,0.50544137,False,8,0.46203718,False,6,0.658530497288966,0.48559614371961785,4.821248260449526,91
1406,308,0.7204356,False,2,0.73484975,True,1,0.72865236,False,2,0.6480952485934975,0.507112087241225,4.7102463177916185,97
1407,978,0.4232633,False,16,0.46360904,False,21,0.6102364,False,3,0.6573989985259712,0.5370491694477556,4.5557992548916255,141
1408,308,0.5593304,False,5,0.5624625,False,6,0.6455288,False,4,0.7158333364353385,0.48762061438322707,4.810803904324084,93
1409,308,0.7407995,True,1,0.73484975,True,1,0.7488485,True,1,0.6531463530152402,0.4966974550047024,4.763975981524967,188
1410,978,0.46109223,False,10,0.46360904,False,21,0.613804,False,5,0.6536071340576941,0.524847921657699,4.618746167081959,238
1411,308,0.55326873,False,5,0.5624625,False,6,0.65063006,False,4,0.6806229020540531,0.5174044873067252,4.657147256589141,234
1412,978,0.6566208,False,3,0.46360904,False,21,0.6821369,False,3,0.6549689153769821,0.5139910469088681,4.674757384396392,329
1413,308,0.60411704,False,2,0.5624625,False,6,0.70050955,False,2,0.6710906289855519,0.5143882854748413,4.672708008663584,331
1414,308,0.7407995,True,1,0.5624625,False,6,0.731471,True,1,0.6683821645675677,0.5081795534849709,4.704739200399414,422
1415,21,0.6044738,False,2,0.668017,False,2,0.65207386,False,2,0.7299180789427324,0.43834614165414904,5.06501363446578,44
1416,655,0.1681171,False,206,0.09209967,False,248,0.16504523,False,187,0.6178905975661779,0.45815506081669954,4.9628183248904225,76
1417,694,0.0867435,False,529,0.093669064,False,530,0.106339164,False,432,0.5946911452473074,0.56089992676323,4.4327518787344395,69
1418,467,0.13168694,False,298,0.028547084,False,642,0.079512335,False,431,0.5858127361332829,0.5366512007908819,4.557852397203771,88
1419,978,0.05115744,False,423,0.10886479,False,286,0.06123396,False,378,0.6337544071821519,0.5254640176382468,4.615567693842528,81
1420,655,0.14829314,False,237,0.09209967,False,248,0.14867021,False,206,0.6589673407375812,0.4508917904570977,5.000289938401386,120
1421,694,0.09825311,False,491,0.093669064,False,530,0.14181608,False,343,0.6068508581868534,0.5070474453016003,4.710579809133438,145
1422,467,0.17211223,False,245,0.028547084,False,642,0.10627719,False,396,0.5897147121133318,0.5473082841800032,4.502871914564382,157
1423,978,0.13809346,False,197,0.10886479,False,286,0.10030024,False,259,0.6087906968135101,0.531289296439619,4.5855147583146545,169
1424,694,0.100326255,False,491,0.093669064,False,530,0.13786188,False,354,0.6355014280982749,0.49105349101330475,4.793093503919803,189
1425,467,0.25422814,False,111,0.028547084,False,642,0.14994183,False,323,0.598905129685934,0.5182282628254491,4.652897353125667,233
1426,978,0.33753577,False,48,0.10886479,False,286,0.24051984,False,102,0.6047030116955773,0.5398738909452037,4.541226360453164,238
1427,467,0.22151309,False,149,0.028547084,False,642,0.1060333,False,475,0.6197158508675193,0.5055394060328962,4.71835986712915,277
1428,978,0.033265803,False,682,0.10886479,False,286,0.034513507,False,589,0.6078949114604361,0.5200948110414892,4.6432677276418,314
1429,978,0.050253406,False,679,0.10886479,False,286,0.074653864,False,540,0.6228921722683161,0.5100474885469559,4.695102420100612,358
1430,978,0.43889907,False,26,0.46879852,False,20,0.48823407,False,16,0.6587732092422598,0.524204329789602,4.622066493126034,119
1431,978,0.7210739,True,1,0.8754983,True,1,0.7651232,True,1,0.6732232240579461,0.4876206143832271,4.810803904324084,93
1432,978,0.66557795,True,1,0.8754983,True,1,0.73245096,True,1,0.6651121308359335,0.5081558131254846,4.704861678227064,212
1433,308,0.51175517,False,10,0.41664332,False,36,0.5035813,False,12,0.4804233245551586,0.44836221735680365,5.013340145934505,140
1434,499,0.59390974,False,2,0.37779886,False,9,0.52970916,False,3,0.630127566271141,0.5001177172380061,4.746330659491336,244
1435,1007,0.50259197,False,6,0.27766073,False,133,0.6144967,True,1,0.5826252549886703,0.4790828536626313,4.854850684098477,200
1436,499,0.36709812,False,31,0.3462123,False,40,0.38618642,False,34,0.48438875778706486,0.42594123041758813,5.1290112576410944,167
1437,308,0.30460858,False,57,0.108317606,False,542,0.47361523,False,8,0.5148394556343555,0.40668555915915106,5.228352330679424,200
1438,308,0.55655235,False,6,0.41664332,False,36,0.5343534,False,10,0.5286249666814766,0.4538168008924907,4.985199647785165,252
1439,1007,0.60538745,False,3,0.27766073,False,133,0.6594649,True,1,0.6118587732499599,0.5059285450431444,4.716352277452306,323
1440,499,0.38552207,False,27,0.3462123,False,40,0.39864922,False,31,0.5331205415229002,0.4359811082270879,5.07721497272413,288
1441,308,0.3470336,False,37,0.108317606,False,542,0.49317762,False,7,0.5263338663672034,0.43986849059029526,5.057159752104278,279
1442,308,0.5672715,False,5,0.41664332,False,36,0.5551418,False,6,0.5006681075429216,0.42384653606406686,5.139817901666811,340
1443,499,0.38527045,False,28,0.3462123,False,40,0.39633042,False,32,0.5709100942107013,0.46997787952752,4.901823749250484,411
1444,308,0.4500379,False,10,0.108317606,False,542,0.5538518,False,4,0.548732355311513,0.44288420641089116,5.04160150738895,400
1445,308,0.5826587,False,3,0.41664332,False,36,0.5645881,False,5,0.5109938285302433,0.44270648998721934,5.04251835624803,419
1446,308,0.5135487,False,7,0.108317606,False,542,0.5668068,False,4,0.5747576957678932,0.46797711640681816,4.9121457968508215,523
1447,308,0.5853985,False,3,0.41664332,False,36,0.5807898,False,5,0.5310226065969026,0.44430443147094256,5.034274487752612,540
1448,308,0.6247412,False,4,0.41664332,False,36,0.5994299,False,4,0.5548379190412223,0.46383520710515597,4.933514136023846,663
1449,717,0.30542257,False,81,0.3347503,False,64,0.34669602,False,61,0.5933566612005233,0.46411501248811465,4.932070604577348,125
1450,966,0.7709612,True,1,0.76974374,True,1,0.7335357,True,1,0.6298175189230177,0.4678754471753055,4.91267031403944,261
1451,966,0.761347,True,1,0.67956805,True,1,0.74023104,True,1,0.5853228133458358,0.49516533787993733,4.771880258511825,104
1452,978,0.28279555,False,102,0.52228236,False,10,0.40945897,False,40,0.5883409782596256,0.558224390089109,4.446555120418061,115
1453,966,0.7496424,True,1,0.76974374,True,1,0.7290847,True,1,0.6180102463444898,0.4666576898284172,4.91895279154524,386
1454,966,0.77092916,True,1,0.67956805,True,1,0.7475738,True,1,0.6171395754160947,0.47565119685552937,4.872554791368558,365
1455,978,0.30661413,False,83,0.52228236,False,10,0.4277318,False,30,0.5869076944649492,0.5282785388116942,4.601047423439757,219
1456,966,0.761904,True,1,0.67956805,True,1,0.7479013,True,1,0.6110725054631427,0.47270829268016845,4.887737396778964,490
1457,978,0.30416885,False,87,0.52228236,False,10,0.426848,False,31,0.6102399115140239,0.49543435773440775,4.770492370203336,480
1458,978,0.2848568,False,95,0.52228236,False,10,0.42184508,False,35,0.6067516366558626,0.48896341863393394,4.8038763029252385,605
1459,527,0.47945896,False,11,0.3787373,False,42,0.4575977,False,19,0.6071634631544284,0.47087942809166117,4.897172610344137,437
1460,462,0.3615492,False,29,0.35532063,False,41,0.47710332,False,7,0.5994852591675919,0.4464765022878229,5.023068654272796,433
1461,361,0.035943378,False,466,-0.040625665,False,747,0.036825053,False,488,0.5907233281230385,0.4373957199459345,5.069916912625538,440
1462,785,0.32103473,False,57,0.0933669,False,555,0.3249175,False,54,0.5753392450901805,0.47243161712968,4.88916478124664,439
1463,527,0.29947078,False,69,0.14505987,False,339,0.29953438,False,59,0.5773578982449433,0.46401540370652256,4.932584491790864,446
1464,527,0.47930765,False,7,0.3787373,False,42,0.44766515,False,17,0.5906085116035156,0.45849188169399563,4.961080647355155,524
1465,361,0.10523309,False,353,-0.040625665,False,747,0.096951865,False,377,0.6050450986056101,0.43868256368371084,5.0632780146080325,525
1466,785,0.2575795,False,86,0.0933669,False,555,0.28591004,False,78,0.5830934118893412,0.46480626752319393,4.9285043816186,540
1467,527,0.4015425,False,17,0.14505987,False,339,0.38580474,False,30,0.5748410627777089,0.46546015037415306,4.925130963824755,533
1468,527,0.29947078,False,69,0.3787373,False,42,0.35473028,False,38,0.5963014414661894,0.4631609912395921,4.936992452964641,597
1469,785,0.28002414,False,73,0.0933669,False,555,0.286095,False,80,0.5961613677024842,0.4621593817924188,4.94215981150084,625
1470,527,0.33108687,False,44,0.14505987,False,339,0.37749258,False,28,0.581524921587025,0.4600759695457709,4.9529082505131905,634
1471,527,0.4015425,False,17,0.3787373,False,42,0.42648575,False,24,0.5919307374248379,0.4643954705648407,4.9306237058476015,684
1472,527,0.4596579,False,4,0.14505987,False,339,0.42443335,False,13,0.5930698368289042,0.45833434471454204,4.961893389345402,719
1473,527,0.33108687,False,44,0.3787373,False,42,0.40928844,False,22,0.5951301123875721,0.46018395720884875,4.9523511361866595,785
1474,527,0.4596579,False,4,0.3787373,False,42,0.46180937,False,11,0.603342012204658,0.4587340638697508,4.959831216115528,870
1475,978,0.47787032,False,8,0.58626336,False,6,0.6084578,False,5,0.6777291784308991,0.5615509732100673,4.429393094106338,106
1476,1007,0.82165563,True,1,0.79245466,True,1,0.8364633,True,1,0.6385472442514153,0.537124040927075,4.555412988788734,186
1477,978,0.4942898,False,8,0.64270216,False,4,0.62220114,False,4,0.6630970953042026,0.5456450586117887,4.511452587262501,193
1478,1007,0.7551886,False,2,0.56939954,False,4,0.7301456,False,2,0.6834214061188201,0.5313284913945988,4.585312549374071,192
1479,1007,0.80465925,True,1,0.78342307,True,1,0.795653,True,1,0.6512993474025279,0.5181428496214042,4.653338004569472,256
1480,978,0.5168419,False,7,0.58626336,False,6,0.61027104,False,5,0.644918128907443,0.5372675148273233,4.554672799001924,251
1481,978,0.50822204,False,7,0.64270216,False,4,0.61605334,False,4,0.6490233030435297,0.5415929420168932,4.532357680894954,267
1482,1007,0.74276155,False,2,0.56939954,False,4,0.7170849,False,2,0.6732737331798202,0.5349484301110647,4.566637085319856,304
1483,1007,0.80380976,True,1,0.78342307,True,1,0.8035892,True,1,0.6565343246792473,0.5262457371191513,4.611534759804251,337
1484,978,0.5548983,False,5,0.58626336,False,6,0.62129164,False,5,0.6590384691953659,0.5308535156446039,4.58776297553883,362
1485,1007,0.7688437,True,1,0.56939954,False,4,0.7299708,False,2,0.6613404693269225,0.534180269735976,4.570600067181286,378
1486,1007,0.79431576,True,1,0.78342307,True,1,0.80047894,True,1,0.6563705397077021,0.529964511837761,4.592349395348435,449
1487,978,0.64047307,False,4,0.58626336,False,6,0.6580524,False,5,0.6616057795272724,0.5346934911273614,4.567952329637256,443
1488,1007,0.79753566,True,1,0.78342307,True,1,0.80629337,True,1,0.6501373897660987,0.5301145029093499,4.591575583114221,523
1489,978,0.7696783,False,2,0.58626336,False,6,0.7055199,False,2,0.6604498472836641,0.5359972413971564,4.561226209885981,555
1490,978,0.7342262,False,2,0.58626336,False,6,0.65480345,False,4,0.65478719834872,0.5354122228646377,4.564244352852161,629
1491,978,0.23945576,False,89,0.18824877,False,253,0.026511982,False,853,0.49985806961008844,0.3413406301190293,5.565470433774111,94
1492,966,0.5379804,False,7,0.64544386,False,3,0.6285636,True,1,0.6305141282009791,0.4419467946917143,5.046437666295689,83
1493,628,0.37340614,False,38,0.11731236,False,264,0.29527125,False,85,0.6142292965155143,0.44945908785487837,5.007681330367892,77
1494,966,0.5303392,False,7,0.64544386,False,3,0.6273783,True,1,0.561126164881523,0.38851753215028845,5.32208218687745,177
1495,628,0.43221024,False,20,0.11731236,False,264,0.3330557,False,56,0.6226770529523492,0.44556208577648704,5.0277861796304375,160
1496,628,0.42387453,False,23,0.11731236,False,264,0.3319875,False,58,0.5772243583296227,0.4069919407693963,5.226771691006443,254
1497,308,0.1571483,False,182,0.0794427,False,346,0.15858601,False,206,0.313558625563091,0.47841469958047106,4.858297727963418,151
1498,978,0.63747466,False,4,0.53936285,False,8,0.6379347,False,3,0.6687858751765242,0.5008290353331319,4.742660930096137,111
1499,978,0.6617381,False,3,0.53936285,False,8,0.65037614,False,3,0.4640556664298509,0.48791084946041524,4.809306565508197,262
1500,826,0.22047666,False,144,0.23256473,False,277,0.25766516,False,158,0.4069999179369967,0.4749392078450759,4.876227982053041,71
1501,297,0.08947536,False,499,0.26864243,False,113,0.18161272,False,295,0.6232171368319541,0.3915070537617921,5.306659079535611,64
1502,297,0.07680213,False,548,0.26864243,False,113,0.16823104,False,339,0.5095028957834951,0.4353861866500377,5.080284206044777,135
1503,943,0.08123477,False,562,0.17652968,False,366,0.170921,False,284,0.7472401256007808,0.40466742827536284,5.2387639795301215,84
1504,599,0.15787579,False,294,0.15283905,False,260,0.11504935,False,370,0.6568233555760877,0.623271821915826,4.110971821901669,58
1505,938,0.37207323,False,70,0.48573637,False,28,0.3415328,False,70,0.712929475464319,0.3711852090723715,5.4115006002736,76
1506,599,0.18783778,False,260,0.15283905,False,260,0.15421343,False,298,0.7103093322104131,0.4939565468045661,4.77811647852695,142
1507,938,0.36567,False,65,0.48573637,False,28,0.32969025,False,75,0.6886447370052338,0.48029732507923995,4.848585158888734,134
1508,938,0.38481036,False,52,0.48573637,False,28,0.35097396,False,64,0.7112227766475546,0.45115552998049824,4.998929291612938,218
1509,904,-0.066550024,False,975,0.10599966,False,430,-0.11922675,False,1013,0.25065072951386275,0.36101173342243775,5.463986123838557,103
1510,803,0.6586417,False,4,0.69134754,False,5,0.6363115,False,6,0.6341016399471656,0.45625106914956093,4.972641123209475,184
1511,803,0.8620076,True,1,0.70225257,True,1,0.84869725,True,1,0.6132749195505933,0.49302069490290334,4.782944590248863,123
1512,803,0.6647184,False,3,0.69134754,False,5,0.6351614,False,5,0.49648685327598024,0.4220710984879104,5.14897748232026,287
1513,803,0.86538565,True,1,0.70225257,True,1,0.85250634,True,1,0.6257573838925129,0.4709828736044831,4.896638929221997,307
1514,803,0.86889815,True,1,0.70225257,True,1,0.8475045,True,1,0.5315232731583642,0.44335597741240834,5.039167614698839,410
1515,226,0.40653333,False,60,0.43779585,False,53,0.446031,False,52,0.6172549513907268,0.623271821915826,4.110971821901669,58
1516,896,0.68872005,True,1,0.61914283,True,1,0.7226242,True,1,0.557364967587876,0.47196025766012883,4.8915965508205765,73
1517,896,0.6811206,True,1,0.6571983,False,2,0.6976826,True,1,0.45358939809971544,0.4566025693395599,4.97082771428807,83
1518,44,0.53574944,False,4,0.5338825,False,11,0.62039846,False,2,0.526878750002062,0.47120211189945455,4.895507866732342,74
1519,991,0.056907054,False,514,0.14420018,False,425,0.12746492,False,365,0.6523554178027363,0.44454294044405357,5.0330440067685895,77
1520,160,0.25020117,False,144,0.13086848,False,323,0.22417277,False,183,0.4302149647373264,0.40438687436244336,5.240211372684088,59
1521,896,0.68559927,True,1,0.6571983,False,2,0.7233117,True,1,0.5021510427960982,0.4637891798998261,4.933751592921872,156
1522,44,0.49396145,False,5,0.5338825,False,11,0.6203939,False,2,0.4881334238371272,0.46348388239326815,4.935326639643969,157
1523,991,0.08772376,False,482,0.14420018,False,425,0.13736114,False,366,0.5908635408673065,0.4576076999652434,4.965642189797184,151
1524,160,0.23762944,False,173,0.13086848,False,323,0.19024694,False,265,0.5559856624287718,0.4271222941292374,5.12291808462899,136
1525,44,0.49402955,False,5,0.5338825,False,11,0.62937266,False,2,0.5101069138101909,0.46617421019535876,4.921447089713067,230
1526,991,0.10584644,False,405,0.14420018,False,425,0.1515788,False,331,0.5421722850993148,0.45725117927322745,4.967481499766174,234
1527,160,0.23794472,False,162,0.13086848,False,323,0.19306456,False,263,0.5457289409069788,0.4426551822958853,5.042783055465411,210
1528,991,0.10510802,False,437,0.14420018,False,425,0.15035073,False,329,0.5457848773522952,0.4607487777170184,4.949437195945233,307
1529,160,0.22426651,False,195,0.13086848,False,323,0.18148722,False,310,0.5196279782687437,0.44660614859153375,5.022399801821317,293
1530,160,0.18836054,False,255,0.13086848,False,323,0.13749863,False,453,0.5271547548269313,0.4516631157008437,4.996310628807509,366
1531,717,0.3653949,False,17,0.26733503,False,114,0.33484834,False,17,0.2801887286745984,0.40778830603665756,5.2226631985463055,115
1532,697,0.46676216,False,36,0.45126477,False,29,0.5286665,False,13,0.6169086336840147,0.5523217691660668,4.477007068229364,239
1533,697,0.55273837,False,33,0.58133554,False,19,0.5865147,False,14,0.5931719489348163,0.5528164257455893,4.47445510757654,314
1534,363,0.17905265,False,243,0.13270548,False,285,0.14469215,False,315,0.6145640876173049,0.5319565587207986,4.582072315300297,258
1535,363,0.3050732,False,113,0.2828858,False,119,0.28039914,False,148,0.6161080247711861,0.4785833477250332,4.857427662857826,174
1536,717,0.40271863,False,9,0.26733503,False,114,0.39928243,False,7,0.3983449600069656,0.4219837884628469,5.149427919568613,197
1537,697,0.55660886,False,32,0.58133554,False,19,0.58914745,False,14,0.6050571730107437,0.5486699842209024,4.4958468287388245,405
1538,363,0.16440654,False,258,0.13270548,False,285,0.1289808,False,331,0.6088830910145943,0.5434056873283389,4.523005627571686,406
1539,363,0.29638147,False,122,0.2828858,False,119,0.26779798,False,155,0.602381729203112,0.5102351273027389,4.694134381381376,340
1540,717,0.43256903,False,3,0.26733503,False,114,0.41463026,False,6,0.4824377166358657,0.45041231037498747,5.00276360266466,289
1541,363,0.16071767,False,265,0.13270548,False,285,0.12722681,False,333,0.6156915453837911,0.5417498892970946,4.5315479811957635,497
1542,363,0.28393468,False,131,0.2828858,False,119,0.26055986,False,160,0.6013499759748334,0.5263480741562927,4.611006797369458,488
1543,717,0.3944419,False,16,0.26733503,False,114,0.40153626,False,9,0.520948333465136,0.4843419746750481,4.827718587917566,455
1544,363,0.29872933,False,123,0.2828858,False,119,0.2628885,False,157,0.6083781543688042,0.5276076789527137,4.60450842655697,579
1545,717,0.35491616,False,54,0.26733503,False,114,0.38456553,False,21,0.5401003185295149,0.5037371731052843,4.727657686482788,603
1546,717,0.31862947,False,81,0.26733503,False,114,0.37835026,False,27,0.5539951803704847,0.5077528837288715,4.7069404132699,694
1547,826,0.3667033,False,31,0.47169474,False,2,0.40830866,False,8,0.6817850554361939,0.3602956065066068,5.467680662205744,64
1548,619,0.2713345,False,70,0.24727459,False,181,0.2614038,False,100,0.4925219689806302,0.4489023260832083,5.010553695141993,78
1549,619,0.27814952,False,59,0.24727459,False,181,0.2458421,False,116,0.577823641749335,0.4089669031754442,5.216582750720022,142
1550,854,0.60614496,False,16,0.62225294,False,11,0.5997025,False,16,0.631817681921853,0.42344366399167666,5.141896340970809,72
1551,854,0.7335564,True,1,0.7012058,False,2,0.6739662,True,1,0.5341985256604429,0.5390596835627042,4.545426901372649,159
1552,854,0.7580416,True,1,0.7012058,False,2,0.69146764,True,1,0.5646252756639992,0.5030235216184878,4.731339453974673,231
1553,203,0.09369009,False,609,0.02301598,False,770,0.09711035,False,572,0.6509846256329463,0.5085489076292217,4.702833681940538,65
1554,898,0.21139774,False,207,0.21164115,False,252,0.25792214,False,147,0.6277177255108671,0.6738764128016588,3.8498999386214834,53
1555,898,0.24349412,False,162,0.21164115,False,252,0.28600618,False,111,0.6405342382899786,0.5828061769015873,4.319736322653166,118
1556,923,0.10727596,False,452,0.18489726,False,242,0.08518054,False,458,0.6617726174990336,0.6133479540608512,4.16216960504682,75
1557,572,0.33066502,False,31,0.28951284,False,74,0.31534478,False,38,0.4734364526216374,0.516975239112072,4.6593617717667355,86
1558,572,0.27177396,False,70,0.28951284,False,74,0.2811797,False,58,0.5611706909185611,0.5618693609826213,4.427750513977955,161
1559,904,0.8598694,True,1,0.89047086,True,1,0.8946078,True,1,0.5855036576588949,0.3831017236891174,5.3500226422727435,150
1560,904,0.8325648,True,1,0.8663893,True,1,0.888211,True,1,0.6184704505164048,0.3797383642314246,5.3673743997397505,145
1561,904,0.9025484,True,1,0.84512514,True,1,0.90518373,True,1,0.6521777507331636,0.4157793019810888,5.181437208493276,180
1562,850,-0.011690167,False,583,-0.029345162,False,515,-0.007774168,False,472,0.640528721941842,0.4157793019810888,5.181437208493275,180
1563,904,0.85945266,True,1,0.8663893,True,1,0.89432794,True,1,0.6017076744871624,0.38144854700652264,5.358551472214153,295
1564,904,0.90985554,True,1,0.84512514,True,1,0.9130844,True,1,0.6371391090979943,0.3996994989850848,5.264393801510934,325
1565,850,-0.009523272,False,571,-0.029345162,False,515,-0.008215502,False,474,0.6463532363375027,0.4157793019810888,5.181437208493276,360
1566,904,0.90603775,True,1,0.84512514,True,1,0.90939194,True,1,0.6208331770645945,0.3944580962600424,5.291434488067295,475
1567,850,-0.010153827,False,543,-0.029345162,False,515,-0.0077889077,False,465,0.6383472879334251,0.40543091391435354,5.234825114890778,505
1568,850,-0.013535604,False,533,-0.029345162,False,515,-0.0077485596,False,454,0.6262456932140671,0.4003173589009406,5.261206228031686,655
1569,115,0.8455423,True,1,0.8398424,True,1,0.81076247,True,1,0.5426709552185011,0.48049542865268846,4.847563131596359,118
1570,115,0.79768735,True,1,0.78639627,True,1,0.8490628,True,1,0.4742475741653032,0.49651103208444936,4.764937747681457,93
1571,887,0.110762514,False,319,0.007401295,False,741,0.17697774,False,218,0.5381349190457226,0.48426353913385844,4.828123241212772,73
1572,115,0.8361919,True,1,0.8438534,True,1,0.7819953,True,1,0.4939070761203766,0.44556563359194284,5.0277678762542735,130
1573,115,0.7814913,True,1,0.78639627,True,1,0.84263074,True,1,0.5125127825268072,0.4875544386960712,4.811145308354247,211
1574,887,0.1055869,False,350,0.007401295,False,741,0.17362247,False,225,0.5023426113717527,0.4911250863893099,4.792724139415108,166
1575,115,0.8128745,True,1,0.8438534,True,1,0.7617071,True,1,0.5098116698817079,0.45948162918090757,4.95597448532802,203
1576,887,0.1109997,False,306,0.007401295,False,741,0.15841587,False,248,0.5190987542376552,0.4867085384564883,4.815509354476332,284
1577,115,0.7996942,True,1,0.8438534,True,1,0.7767362,True,1,0.498637815484324,0.47111586725533117,4.895952807621499,296
1578,115,0.7592538,True,1,0.8438534,True,1,0.76372176,True,1,0.5111883239109735,0.473789268813032,4.88216058112158,414
1579,775,0.015871169,False,666,0.0007463537,False,851,-0.002521121,False,726,0.6649819694883455,0.4930500170543722,4.78279331564765,123
1580,844,-0.048885927,False,863,0.17647232,False,144,0.035007007,False,591,0.716102112323866,0.5026905923666941,4.733057054398732,109
1581,899,0.32719204,False,36,0.29921967,False,61,0.34962296,False,26,0.48517603219687183,0.6165261636516766,4.145773045983475,79
1582,966,0.27676046,False,58,0.3583452,False,35,0.37966043,False,26,0.4865949317103341,0.5591605229435614,4.441725559245169,84
1583,844,-0.022315945,False,739,0.17647232,False,144,0.038202133,False,535,0.6889996228033098,0.4975794252830062,4.7594258480781155,232
1584,899,0.28185558,False,49,0.29921967,False,61,0.3397655,False,34,0.6190640254619908,0.5505257526407027,4.48627281681998,188
1585,966,0.3219838,False,39,0.3583452,False,35,0.38982764,False,27,0.48590724421607934,0.5869635021824638,4.298288451590728,163
1586,899,0.30776286,False,40,0.29921967,False,61,0.37296164,False,22,0.637224498501353,0.5277941916210286,4.603546197385264,311
1587,966,0.32173714,False,40,0.3583452,False,35,0.39192936,False,25,0.5781544523916262,0.5531923728812915,4.472515575510112,272
1588,966,0.29789233,False,54,0.3583452,False,35,0.35122806,False,33,0.6051918817660477,0.5344645000541749,4.569133707249144,395
1589,361,0.7399231,True,1,0.7868983,True,1,0.72148806,True,1,0.5958617167708314,0.5718393951743067,4.37631455614829,81
1590,711,0.6196393,False,2,0.6000914,False,3,0.61052287,False,2,0.6518336561288727,0.5193989040441319,4.646857950331236,89
1591,361,0.36109373,False,61,0.24436408,False,174,0.4820385,False,11,0.5140167796093484,0.4404990325053285,5.053906751489845,115
1592,880,0.32904553,False,85,0.4277605,False,15,0.32587108,False,59,0.528563934911802,0.5011919153114092,4.7407888122175965,103
1593,711,0.64145994,False,2,0.6000914,False,3,0.62743497,False,2,0.6251646732582765,0.5443852557002741,4.5179519801617145,170
1594,361,0.37505248,False,47,0.24436408,False,174,0.550039,False,4,0.5741427698556114,0.47492103528451235,4.876321735298099,204
1595,880,0.32049897,False,97,0.4277605,False,15,0.3145022,False,69,0.5208899768394067,0.4691750275926051,4.905965706787819,218
1596,361,0.7653441,True,1,0.24436408,False,174,0.6397332,True,1,0.5803155231894108,0.5024662533584539,4.7342144317502575,285
1597,880,0.32803473,False,87,0.4277605,False,15,0.32203075,False,63,0.5588508480340728,0.4837350438928849,4.830849777391611,307
1598,880,0.1399059,False,348,0.4277605,False,15,0.21048404,False,191,0.5665773438270559,0.5021279625882332,4.735959692544423,388
1599,257,0.5762022,False,4,0.53755885,True,1,0.5540827,False,5,0.6192210831311571,0.46067616721637833,4.949811797534065,119
1600,844,0.5180731,False,8,0.602655,False,3,0.57837874,False,6,0.6095937940182986,0.461663254052216,4.9447193619529815,111
1601,844,0.5780549,False,4,0.602655,False,3,0.5899665,False,5,0.6145748696897341,0.4611525439067174,4.9473541438405855,230
1602,460,0.5367171,False,4,0.64336616,False,2,0.5873117,False,3,0.6710546381541134,0.5287623122173626,4.5985516096827865,97
1603,460,0.56658435,False,3,0.5795813,False,3,0.5219055,False,3,0.6336727583072554,0.531121633669885,4.586379739817008,71
1604,361,0.7767809,True,1,0.83682346,True,1,0.7636623,True,1,0.6420782645543416,0.5174373180270032,4.656977881087385,90
1605,1007,0.77345943,True,1,0.7612275,True,1,0.71386784,True,1,0.5663911613461735,0.4420929568514165,5.045683607629672,91
1606,361,0.47464496,False,10,0.67353517,True,1,0.4869044,False,7,0.608500996870654,0.5411540393392921,4.53462200408406,112
1607,460,0.5713759,False,3,0.5795813,False,3,0.5290879,False,3,0.6552563436950246,0.5297594064026547,4.593407545632369,168
1608,361,0.83161056,True,1,0.83682346,True,1,0.7810663,True,1,0.6383714885074899,0.5234720162297647,4.625844539284921,161
1609,1007,0.74964374,True,1,0.7612275,True,1,0.69054484,True,1,0.6040256325546549,0.4795570038448021,4.852404517083784,181
1610,361,0.41635108,False,24,0.67353517,True,1,0.45767596,False,12,0.5896241740493352,0.4967473471895547,4.763718584983818,203
1611,361,0.831544,True,1,0.83682346,True,1,0.78516066,True,1,0.6506593393436236,0.5254610034809158,4.615583244046909,258
1612,1007,0.7106758,True,1,0.7612275,True,1,0.659152,True,1,0.6123785925881257,0.49408513367647217,4.777453091742747,252
1613,361,0.476924,False,11,0.67353517,True,1,0.49458936,False,6,0.6057363520201563,0.5031026283341634,4.730931338053172,293
1614,1007,0.67107755,False,2,0.7612275,True,1,0.6418602,True,1,0.628686834478959,0.5037232033568916,4.727729757187401,349
1615,361,0.5751098,False,3,0.67353517,True,1,0.55121034,False,4,0.611185486213519,0.5085678738804168,4.702735834001612,364
1616,361,0.6131522,False,3,0.67353517,True,1,0.57159346,False,3,0.6237826830426679,0.5128170290185594,4.6808142076265025,461
1617,899,0.29903036,False,61,0.36387178,False,26,0.46476156,False,10,0.4420316793183063,0.4860421979394095,4.818947042058712,94
1618,738,0.55362195,False,4,0.45734861,False,12,0.4720353,False,11,0.6674919419667937,0.5158786703345183,4.665019030740495,88
1619,270,0.45050055,False,8,0.5901849,False,6,0.51139796,False,4,0.452168871415779,0.3284347618179914,5.6320525221526045,128
1620,738,0.59074175,False,4,0.45734861,False,12,0.48852792,False,7,0.5510454326868057,0.5004686241524291,4.744520311311442,182
1621,270,0.3877207,False,18,0.5901849,False,6,0.46944332,False,10,0.5398930853439702,0.4048007986210209,5.2380759145402624,216
1622,270,0.38575754,False,20,0.5901849,False,6,0.46593952,False,10,0.5102189815813495,0.4294352874465968,5.1109852241748905,310
1623,115,0.76479876,False,3,0.83166134,True,1,0.8302377,True,1,0.516909704254619,0.4807788039001648,4.846101183021367,116
1624,115,0.72302383,True,1,0.78601336,True,1,0.74376345,True,1,0.5139545054748805,0.5045372099126544,4.723530252344157,99
1625,115,0.59357953,False,3,0.5198222,False,21,0.6834595,True,1,0.4691172213401905,0.5363146326024941,4.559588771102986,215
1626,115,0.76401657,True,1,0.78601336,True,1,0.7551356,True,1,0.5155489383048789,0.4917187210873112,4.789661545174651,215
1627,115,0.6186417,False,3,0.5198222,False,21,0.6772404,True,1,0.4832538172934845,0.5262956362767166,4.611277327290488,314
1628,115,0.6863256,True,1,0.5198222,False,21,0.6955384,True,1,0.4923330798225347,0.5140166768449026,4.674625158138818,430
1629,44,0.37163216,False,20,0.47493124,False,11,0.4385579,False,18,0.5591002515296346,0.4830158323188781,4.834560229680939,97
1630,6,0.27490914,False,154,0.21474147,False,257,0.21052843,False,251,0.6362948883115576,0.4323749835042981,5.0958191696209285,89
1631,162,0.39606625,False,28,0.6068651,False,23,0.5043303,False,19,0.606904711779647,0.5322156500526117,4.580735648789334,127
1632,320,0.4903061,False,35,0.58748174,False,26,0.5364816,False,29,0.6540595572045509,0.5831404499759227,4.318011789374287,94
1633,6,0.27815458,False,148,0.21474147,False,257,0.21458785,False,238,0.5960374702048558,0.45878445842372967,4.959571227824267,186
1634,162,0.4735311,False,14,0.6068651,False,23,0.52745616,False,14,0.6190145530358508,0.49107759763224185,4.79296913653939,216
1635,320,0.49637344,False,32,0.58748174,False,26,0.52680176,False,30,0.6269615238608278,0.5538759721919387,4.468988848857142,221
1636,162,0.4740828,False,11,0.6068651,False,23,0.53686243,False,14,0.6004468621537328,0.48857922307826,4.805858389046516,313
1637,320,0.49152437,False,31,0.58748174,False,26,0.51436615,False,30,0.6296411026870051,0.5189934302783903,4.6489498119151325,310
1638,320,0.52968425,False,24,0.58748174,False,26,0.53616536,False,27,0.6128291553595728,0.5104189167597841,4.6931862014072285,407
1639,809,0.7507052,True,1,0.372606,False,33,0.65088266,False,3,0.6041310393548274,0.5035676717359056,4.728532153422399,91
1640,809,0.7939138,True,1,0.7937295,True,1,0.76177883,True,1,0.6031278463701407,0.48238457206557006,4.837816936242264,180
1641,809,0.7971089,True,1,0.29099104,False,68,0.64406997,False,2,0.5295001432299614,0.48890718447962905,4.804166418037565,90
1642,809,0.64763445,True,1,0.3992352,False,14,0.57711315,False,4,0.583201208033345,0.5196975869552627,4.645317028672793,110
1643,148,0.7790834,False,2,0.5346476,False,5,0.7638593,True,1,0.6240663177437252,0.48890718447962905,4.804166418037565,90
1644,809,0.77797383,True,1,0.7937295,True,1,0.7588213,True,1,0.603464711911124,0.48949771623531374,4.80111983204814,271
1645,809,0.81925815,True,1,0.29099104,False,68,0.65145457,True,1,0.5785852786567476,0.4845587762035896,4.826600096840698,270
1646,809,0.6628713,True,1,0.3992352,False,14,0.59027886,False,2,0.5590357288718224,0.5058419058412276,4.716799253886942,200
1647,148,0.7189674,False,2,0.5346476,False,5,0.7455431,False,2,0.6015905074030161,0.5058419058412276,4.716799253886941,200
1648,809,0.8326342,True,1,0.29099104,False,68,0.66842675,True,1,0.5850247917413051,0.48935049225190197,4.801879368721404,361
1649,809,0.6832699,True,1,0.3992352,False,14,0.5996389,False,2,0.5799214687394468,0.4947305372106529,4.774123419213146,380
1650,148,0.71452034,False,2,0.5346476,False,5,0.7396852,False,2,0.5792176357631026,0.5005863026600418,4.743913201381963,290
1651,809,0.6622545,True,1,0.3992352,False,14,0.59408396,False,2,0.5845989017033526,0.49643792413591403,4.765314915631495,471
1652,148,0.64710814,False,4,0.5346476,False,5,0.71696234,False,2,0.5883747376977129,0.4936154271132228,4.779876333881653,470
1653,148,0.61494595,False,4,0.5346476,False,5,0.6825675,False,3,0.5909305727258723,0.4952297840841036,4.7715477769800625,561
1654,295,0.14608426,False,416,0.009398028,False,840,0.11207208,False,517,0.6410506381385628,0.4908098902273306,4.7943502538480125,87
1655,715,0.5722461,False,5,0.19144087,False,162,0.62482625,False,4,0.62685578691293,0.614768223963687,4.154842354064076,161
1656,715,0.748127,True,1,0.19144087,False,162,0.6526165,False,3,0.6318354323025672,0.5712828407577879,4.3791858511656985,248
1657,715,0.92923725,True,1,0.8766903,True,1,0.92641765,True,1,0.6808981487625524,0.49513347151047077,4.7720446588744085,114
1658,56,0.41920117,False,44,0.3695114,False,49,0.4133378,False,47,0.6663635845231538,0.5074091943011714,4.708713526036597,101
1659,715,0.849339,True,1,0.86590016,True,1,0.8668931,True,1,0.6429547550885574,0.6106501202676794,4.1760878788008595,138
1660,56,0.42083508,False,44,0.3695114,False,49,0.4204878,False,47,0.6740702837012534,0.5009002064028464,4.742293754611064,215
1661,715,0.8797266,True,1,0.86590016,True,1,0.8723388,True,1,0.6528471892847676,0.5670211097127953,4.401172357339811,239
1662,715,0.8973254,True,1,0.86590016,True,1,0.87789184,True,1,0.6619061393710777,0.5438052718797499,4.520944148770248,353
1663,715,0.9225471,True,1,0.8073168,True,1,0.8889144,True,1,0.6633416684168689,0.5159711843855659,4.66454174563426,106
1664,715,0.9251462,True,1,0.8744261,True,1,0.90643793,True,1,0.6407605096547291,0.5372812736831254,4.55460181630385,99
1665,715,0.9233876,True,1,0.8744261,True,1,0.90553653,True,1,0.6524366210146648,0.5262623982414605,4.611448804152745,205
1666,277,0.6510669,False,2,0.6946964,True,1,0.7409762,False,2,0.5645378036745663,0.4420113626484762,5.046104556635554,116
1667,263,0.26948944,False,128,0.39543486,False,41,0.30541644,False,102,0.6214116868117582,0.4296879163464542,5.10968189770782,115
1668,263,0.2591597,False,131,0.39543486,False,41,0.31264552,False,96,0.5928516416000081,0.43587631362365997,5.077755613879322,231
1669,52,0.5656859,False,2,0.13208704,False,396,0.4702078,False,9,0.5802575216158149,0.550474675255122,4.486536327877242,194
1670,924,0.49025682,False,22,0.4586562,False,27,0.44214386,False,42,0.5872424871890576,0.5035606749470403,4.728568250243141,77
1671,52,0.5208052,False,20,0.38884684,False,44,0.45812407,False,33,0.6741905284215168,0.5343815698583146,4.569561548716388,83
1672,29,0.4824197,False,27,0.63059133,False,3,0.48006544,False,18,0.5515237915051447,0.5035606749470403,4.728568250243141,77
1673,924,0.542453,False,14,0.4586562,False,27,0.48513252,False,30,0.5822421797307215,0.5371448670495046,4.555305545671242,271
1674,52,0.53261137,False,16,0.38884684,False,44,0.48277,False,28,0.6323467835783958,0.519549014182264,4.646083523826139,160
1675,29,0.44536224,False,35,0.63059133,False,3,0.48539984,False,12,0.6151571612805128,0.519549014182264,4.646083523826139,160
1676,52,0.5569379,False,15,0.38884684,False,44,0.50165236,False,24,0.6038006908644391,0.536496975335186,4.558648054859794,354
1677,29,0.3555397,False,75,0.63059133,False,3,0.43822035,False,32,0.6060878367866644,0.5143544904644909,4.6728823589911554,237
1678,29,0.36418253,False,64,0.63059133,False,3,0.4575384,False,29,0.5944611984034979,0.5306127638969327,4.589005027120856,431
1679,326,0.5892,False,10,0.5684115,False,12,0.49838838,False,22,0.4779659957241486,0.5485367077384316,4.496534409483309,136
1680,263,0.711203,False,3,0.6706716,False,4,0.6473281,False,4,0.6159789088341567,0.5297634569696841,4.593386648533031,111
1681,263,0.700243,False,4,0.6706716,False,4,0.6313884,False,5,0.5399879931136664,0.5401001456520714,4.540059099906463,247
1682,308,-0.01832988,False,833,-0.054603346,False,955,-0.0190089,False,855,0.6460772470057567,0.5090655170615279,4.700168465306007,107
1683,148,0.015772874,False,488,0.11494518,False,315,0.036547415,False,480,0.6380098668522522,0.5141955946113685,4.673702111485819,122
1684,29,-0.0028251896,False,654,-0.010666651,False,667,-0.0007627639,False,685,0.6569332856880991,0.4982648799100123,4.755889549745434,171
1685,148,-0.009255457,False,582,0.11494518,False,315,0.028039336,False,507,0.6417793414217936,0.5117985714767269,4.686068486414902,229
1686,29,-0.013381183,False,711,-0.010666651,False,667,-0.009721215,False,719,0.649053909927098,0.5048981467822493,4.721668159070782,293
1687,29,-0.008156132,False,676,-0.010666651,False,667,-0.0074428916,False,712,0.6482576525956393,0.5060129183319565,4.715916990988704,400
1688,361,0.74610335,True,1,0.8277494,True,1,0.7487797,True,1,0.6363245155437883,0.4886028451745976,4.805736521344989,83
1689,847,0.12746434,False,326,0.27439132,False,88,0.25743765,False,97,0.4652505601295317,0.5117421099618126,4.686359774493187,99
1690,715,0.71884036,False,4,0.6509007,False,6,0.76563823,False,3,0.6918245501540325,0.6047578389113881,4.20648648421542,54
1691,847,0.17384797,False,209,0.27439132,False,88,0.30413038,False,54,0.5432678035327366,0.5011895881083025,4.74080081838714,182
1692,715,0.75817883,False,3,0.6509007,False,6,0.7809555,False,3,0.5452178507264144,0.5445711907675451,4.516992730865741,153
1693,715,0.7776022,False,3,0.6509007,False,6,0.7809954,False,3,0.5772596014884569,0.5248874082073136,4.618542453788527,236
1694,847,0.7390524,False,2,0.59183407,False,8,0.59029603,False,8,0.5736649302036866,0.5694763559930288,4.388505605982344,138
1695,847,0.71530914,False,3,0.66013396,False,4,0.58192027,False,9,0.5630365362427882,0.5997378405497031,4.232384933415521,151
1696,263,0.67190945,False,3,0.70040834,False,2,0.6438607,False,5,0.5602369525574691,0.5997378405497031,4.232384933415521,151
1697,847,0.69782335,False,3,0.66013396,False,4,0.589637,False,7,0.5681116863002414,0.5852877198963431,4.306933905091028,289
1698,263,0.6317812,False,4,0.70040834,False,2,0.6264812,False,5,0.5616367444001287,0.5997378405497031,4.23238493341552,302
1699,263,0.6585545,False,4,0.70040834,False,2,0.6367865,False,4,0.5654092208566991,0.5902467385751098,4.2813500534478415,440
1700,519,0.2532939,False,170,0.15349647,False,255,0.16290183,False,279,0.6215478261952759,0.5788239394180843,4.340280906084985,93
1701,204,0.05023298,False,700,-0.09823896,False,885,0.2098408,False,260,0.4950235553283607,0.42516108945488157,5.133036048016683,113
1702,154,0.12671371,False,309,0.13656975,False,328,0.13565971,False,313,0.5955183481977832,0.5788239394180844,4.340280906084985,93
1703,847,0.38355792,False,62,0.32958433,False,100,0.36454597,False,77,0.714944999468954,0.39118379621975213,5.308326783074115,76
1704,204,0.7670975,True,1,-0.09823896,False,885,0.6490096,False,2,0.5521437358653661,0.49453315278778376,4.775141736367907,206
1705,154,0.12534155,False,326,0.13656975,False,328,0.13433146,False,326,0.5403925637597019,0.4945331527877838,4.775141736367906,206
1706,847,0.47698766,False,24,0.32958433,False,100,0.41976327,False,45,0.6492250079410316,0.49444138981410063,4.775615146624476,169
1707,154,0.19994624,False,246,0.13656975,False,328,0.14169429,False,334,0.5656348360222717,0.5207506884286465,4.639884019925392,299
1708,847,0.5706196,False,5,0.32958433,False,100,0.46162552,False,25,0.5874350641636138,0.46668013470561925,4.918836997182345,282
1709,847,0.7211641,False,2,0.32958433,False,100,0.5842991,False,4,0.5958950291474661,0.4944917982743106,4.7753550865902,375
1710,894,0.54962224,False,12,0.5072833,False,21,0.5408012,False,12,0.5737614895379732,0.4950165204214327,4.772648016011227,126
1711,609,0.2886108,False,78,0.19088937,False,109,0.32345098,False,64,0.611897366742293,0.4827541866069693,4.835910074380096,60
1712,609,0.28155142,False,77,0.19088937,False,109,0.33644864,False,58,0.5860633854103344,0.4910609288683801,4.793055131614088,186
1713,609,0.34968415,False,55,0.24736215,False,90,0.24628386,False,92,0.5749289556969326,0.4704422815958651,4.899427873294177,182
1714,803,0.47734544,False,12,0.66690177,True,1,0.57118285,False,6,0.5587335636655053,0.47044228159586515,4.899427873294178,182
1715,703,0.41468355,False,32,0.48305562,False,32,0.5329146,False,18,0.5635058861225843,0.45662878403532,4.970692471222731,168
1716,803,0.69818294,True,1,0.5443576,False,15,0.6347358,False,7,0.6169997128141913,0.4673349846826274,4.915458589931723,157
1717,803,0.83967644,True,1,0.66349846,False,3,0.7708872,True,1,0.619223575150301,0.49017306858525694,4.797635651921574,197
1718,803,0.49706453,False,10,0.66690177,True,1,0.5836362,False,6,0.566831259681219,0.4704422815958651,4.899427873294178,364
1719,703,0.36579695,False,44,0.48305562,False,32,0.5451858,False,15,0.5610242784449032,0.46381180276680345,4.933634880299882,350
1720,803,0.68631047,True,1,0.5443576,False,15,0.62410325,False,8,0.589347519324376,0.4618007025018654,4.944010257799074,325
1721,803,0.8417758,True,1,0.66349846,False,3,0.78660524,True,1,0.6182372859221393,0.48004431386007934,4.849890457762234,354
1722,703,0.46359816,False,21,0.48305562,False,32,0.56984746,False,15,0.5657811417153343,0.46608012447148245,4.921932483166351,532
1723,803,0.68069094,True,1,0.5443576,False,15,0.623836,False,10,0.5783578942160634,0.4649028078176602,4.92800632489988,507
1724,803,0.83289236,True,1,0.66349846,False,3,0.77536315,True,1,0.6006225825383745,0.47250828127280053,4.888769266692049,522
1725,803,0.6841174,False,2,0.5443576,False,15,0.61319876,False,10,0.5774521368713874,0.4663660650420917,4.92045729994743,689
1726,803,0.8105191,True,1,0.66349846,False,3,0.7572951,True,1,0.5897933191365816,0.47197417340177467,4.891524758739758,704
1727,803,0.809762,True,1,0.66349846,False,3,0.75979567,True,1,0.5867399171659088,0.47165949585247946,4.893148197621141,886
1728,509,0.56808054,False,8,0.6042818,False,5,0.5397557,False,11,0.6120919269673964,0.4930211195033444,4.782942399711702,85
1729,577,0.23694117,False,117,0.20948714,False,205,0.2314892,False,145,0.6014653373370196,0.47527890795387046,4.874475450403224,561
1730,459,0.17427778,False,186,0.32943702,False,70,0.25371706,False,120,0.5835194439771028,0.48647000029304205,4.81673998605491,693
1731,609,0.33572602,False,54,0.29335603,False,114,0.38886905,False,46,0.6027481847867802,0.4925371504356399,4.785439222899939,758
1732,494,0.5476094,False,6,0.60977083,False,2,0.5304757,False,10,0.5774898780251129,0.5124062348739987,4.682933517338991,576
1733,459,0.38221496,False,39,0.29675955,False,110,0.3952831,False,41,0.5751119938513544,0.5066380076536803,4.712692120604732,574
1734,577,0.11391599,False,252,0.20948714,False,205,0.2264082,False,137,0.5946274095949549,0.48552895364052834,4.821594897783779,644
1735,609,0.3169289,False,63,0.29335603,False,114,0.3743884,False,51,0.585994250214786,0.4908425738471358,4.794181637245732,834
1736,494,0.4975905,False,11,0.60977083,False,2,0.5037663,False,18,0.5945544125192228,0.48662436333081416,4.815943618605344,908
1737,459,0.37355947,False,43,0.29675955,False,110,0.41545174,False,36,0.584189252330653,0.5120859355077162,4.68458595948515,683
1738,577,0.20660102,False,144,0.20948714,False,205,0.2662416,False,114,0.5886794255295796,0.49129202555141055,4.791862891044558,737
1739,494,0.49333644,False,17,0.60977083,False,2,0.47903872,False,22,0.5809872837176895,0.48564478502304426,4.820997317274837,984
1740,459,0.3401458,False,56,0.29675955,False,110,0.3791301,False,45,0.5972635430215028,0.4891267237130307,4.803033802989903,1015
1741,577,0.16621734,False,187,0.20948714,False,205,0.23458976,False,135,0.5942597062487692,0.497667494550765,4.758971493854705,846
1742,459,0.3459711,False,53,0.29675955,False,110,0.3451764,False,59,0.5848382921884302,0.4880689011246768,4.808491168230557,1091
1743,577,0.21331534,False,127,0.20948714,False,205,0.27657497,False,101,0.6026867133373923,0.48194875297699763,4.840065351025021,1178
1744,577,0.23846197,False,106,0.20948714,False,205,0.3060782,False,80,0.5915478699539076,0.4814634589834126,4.842569009579155,1254
1745,563,0.56434906,False,2,0.40606168,False,22,0.5638571,False,2,0.6041426391062075,0.47610956112449715,4.870190064753186,137
1746,244,0.7563491,False,3,0.77169096,False,2,0.74002033,False,3,0.6631958585632735,0.4927186291409025,4.784502964222045,121
1747,980,0.44109753,False,32,0.36062282,False,47,0.44948357,False,32,0.5662358554441538,0.4538954329965915,4.9847939804110295,134
1748,904,0.6764824,False,5,0.7130257,True,1,0.6494018,False,6,0.6080170779124551,0.4986967279978424,4.753661621575139,138
1749,244,0.7481505,False,3,0.77169096,False,2,0.7336712,False,3,0.6318381412546764,0.4838990852717259,4.83000347884517,258
1750,980,0.43361586,False,33,0.36062282,False,47,0.44376296,False,30,0.6122443275124418,0.4723174201866371,4.889753929591943,255
1751,904,0.7169798,False,3,0.7130257,True,1,0.67092705,False,6,0.5874336815493948,0.4766255017839909,4.867528298354586,272
1752,980,0.4429246,False,32,0.36062282,False,47,0.48203608,False,23,0.6094128700847529,0.47364273474910346,4.882916558462071,392
1753,904,0.78561485,True,1,0.7130257,True,1,0.7452028,False,2,0.6107599497903091,0.48158038323484653,4.841965790899019,393
1754,904,0.76022834,False,2,0.7130257,True,1,0.7770167,True,1,0.6090494374059281,0.48016622733085057,4.849261499423587,530
1755,719,0.46449557,False,20,0.47660637,False,25,0.47833398,False,24,0.6557952605986169,0.45214244152133093,4.99383776038848,168
1756,504,0.65987533,False,2,0.6674262,False,5,0.65911704,False,2,0.5882511868957401,0.46168003532591945,4.944632786433787,129
1757,247,0.40079457,False,31,0.4092809,False,35,0.42922843,False,30,0.6576682767648806,0.4456458840177704,5.027353859868842,174
1758,504,0.67001915,False,2,0.6674262,False,5,0.6667028,False,2,0.6264579356569634,0.4562850327697886,4.9724659030142195,297
1759,247,0.40015483,False,32,0.4092809,False,35,0.4304545,False,30,0.6281144662265337,0.45247230487173484,4.992135977119264,303
1760,247,0.40201148,False,32,0.4092809,False,35,0.4291937,False,30,0.6379878705885507,0.4523546466066226,4.992742982616563,471
1761,904,0.38582146,False,8,-0.103556104,False,980,0.14885451,False,355,0.5699347966909408,0.5854126768631356,4.306289245188074,100
1762,904,0.79356027,True,1,0.7044397,False,4,0.80819017,True,1,0.550866586013432,0.5145140850047017,4.672059001931161,137
1763,563,0.7014983,False,3,0.7731885,False,2,0.7348475,False,2,0.6213966008180227,0.44193501288986314,5.0464984492630816,156
1764,904,0.78051376,True,1,0.7044397,False,4,0.7948203,True,1,0.5589122445271488,0.5444291026664881,4.517725771237875,237
1765,563,0.7124248,False,3,0.7731885,False,2,0.73791707,False,2,0.5884184027694598,0.47587130258178423,4.871419253752934,293
1766,563,0.7075384,False,3,0.7731885,False,2,0.7350628,False,2,0.5837151951158926,0.5037444258085912,4.727620269385286,393
1767,456,0.07007039,False,646,-0.006887974,False,863,0.08835336,False,637,0.3889755847814836,0.4423810079833198,5.0441975359083004,152
1768,790,0.47925362,False,27,0.49006075,False,25,0.5035199,False,23,0.5233690293148311,0.440488357084079,5.053961826578519,99
1769,904,0.8638351,True,1,0.86983806,True,1,0.87802196,True,1,0.6326554131320142,0.43093542000483487,5.103245957335786,127
1770,719,0.47323024,False,23,0.49022692,False,24,0.47845173,False,23,0.6866222237718517,0.3845449402392673,5.342577008267346,145
1771,904,0.8843564,True,1,0.86983806,True,1,0.8915411,True,1,0.5847821742032482,0.4351201136811409,5.0816568912076026,226
1772,719,0.45053744,False,24,0.49022692,False,24,0.4681966,False,23,0.6614244849804569,0.406205201012161,5.2308305249279785,272
1773,719,0.4676301,False,27,0.49022692,False,24,0.49432495,False,23,0.6245848889942118,0.4153535364599235,5.183633756365724,371
1774,904,-0.12993765,False,1004,-0.104135536,False,990,-0.06636686,False,943,0.61794613301754,0.4984863344387401,4.754747053583252,50
1775,513,0.39552125,False,42,0.4610162,False,24,0.37951115,False,44,0.6863663217404505,0.4307027813126509,5.104446153215826,143
1776,513,0.35768095,False,41,0.4610162,False,24,0.42706463,False,19,0.6686408842474686,0.4482632873038657,5.013850531549356,193
1777,609,0.80063975,True,1,0.45378628,False,26,0.76430327,False,2,0.5926268432466757,0.4673749735632415,4.915252285084881,168
1778,703,0.37529862,False,26,0.4479014,False,30,0.3567375,False,44,0.5804386084633214,0.4425923672869609,5.043107121570699,140
1779,609,0.20327044,False,97,0.2391473,False,101,0.27864495,False,72,0.5644881980073068,0.44944288905491947,5.007764900872823,124
1780,703,0.35644132,False,28,0.4479014,False,30,0.360958,False,41,0.5870867365269692,0.4561101525285685,4.973368119851162,308
1781,609,0.28035638,False,63,0.2391473,False,101,0.32638377,False,58,0.5729467490067085,0.44581003660221413,5.026506987606545,264
1782,609,0.3033354,False,54,0.2391473,False,101,0.32696006,False,60,0.580600118988918,0.45419640097594705,4.983241269959231,432
1783,650,0.16085652,False,118,0.20627446,False,75,0.25676596,False,58,0.6655838011155709,0.5057945353256186,4.717043640996994,271
1784,20,0.57073957,False,7,0.85932374,True,1,0.6399386,False,3,0.6299663244101864,0.48390593088003203,4.829968161973294,416
1785,1007,0.3818726,False,26,0.26190147,False,58,0.3754986,False,29,0.693488343123949,0.48587625374159527,4.819803157353479,303
1786,21,0.4285406,False,15,0.05305008,False,471,0.25173333,False,67,0.6731384788240705,0.5105652357737183,4.6924313335215535,350
1787,467,0.6298653,False,3,0.695651,False,3,0.5697391,False,9,0.66586018401831,0.521894541903661,4.633982816582155,387
1788,650,0.17784584,False,93,0.20627446,False,75,0.269863,False,53,0.6679184453039143,0.5091820267011077,4.699567385631358,367
1789,1007,0.3704214,False,28,0.26190147,False,58,0.36786988,False,31,0.6377103953905727,0.47954803799755624,4.85245077238562,460
1790,21,0.5060053,False,8,0.05305008,False,471,0.28070942,False,52,0.6761267484747214,0.5025001592730556,4.734039509261518,394
1791,467,0.62102866,False,3,0.695651,False,3,0.5636962,False,9,0.673621292941255,0.5133652388619475,4.677985962723407,431
1792,650,0.19363274,False,79,0.20627446,False,75,0.2817464,False,49,0.6691878502050675,0.5122831069199059,4.683568741264268,442
1793,21,0.5259734,False,7,0.05305008,False,471,0.28491232,False,48,0.6345077183523542,0.4924803182373075,4.78573242335448,551
1794,467,0.635079,False,3,0.695651,False,3,0.57520396,False,9,0.6760552601437819,0.5064161014363829,4.7138369470532275,475
1795,650,0.19451272,False,79,0.20627446,False,75,0.29069367,False,48,0.6757693741424584,0.5055892252909072,4.718102846821606,486
1796,467,0.6039241,False,5,0.695651,False,3,0.5512509,False,9,0.6397880735465243,0.4967076594579975,4.763923336186018,632
1797,650,0.195883,False,71,0.20627446,False,75,0.2915476,False,46,0.6777724285733026,0.5000067806116292,4.746902987682632,530
1798,650,0.32093835,False,32,0.20627446,False,75,0.37912524,False,25,0.644016304304159,0.4925403003192663,4.785422972476092,687
1799,439,0.6235894,True,1,0.54484844,False,6,0.5471825,False,2,0.5984882844710037,0.5624184942740257,4.42491750495547,152
1800,439,0.5341028,False,4,0.59477943,False,3,0.56217694,False,4,0.5882116361010459,0.5573180388238708,4.4512310367250025,155
1801,439,0.59359443,True,1,0.59477943,False,3,0.58643216,False,4,0.593299748649038,0.5598433457568465,4.438202838585038,307
