{
  "skill_coverage@1": 0.39300087018764307,
  "skill_coverage@3": 0.5967067287644138,
  "skill_coverage@5": 0.6778761121643136,
  "skill_coverage@10": 0.7680983524737592
}