{
  "skill_coverage@1": 0.38179335194069186,
  "skill_coverage@3": 0.5749125264229918,
  "skill_coverage@5": 0.6536671500241859,
  "skill_coverage@10": 0.7472717930655209
}