{
  "P@5": 0.40664136622390895,
  "P@10": 0.3327324478178368,
  "P@20": 0.2780834914611006,
  "P@50": 0.22908918406072107,
  "R@5": 0.0486802866383687,
  "R@10": 0.07776355722910964,
  "R@20": 0.12786158360584693,
  "R@50": 0.2550446961267821,
  "MAP@5": 0.32380771663504115,
  "MAP@10": 0.2287298575344116,
  "MAP@20": 0.1605342884818342,
  "MAP@50": 0.1251988585389733,
  "num_queries_evaluated": 1054
}