{
  "recall@1": 0.3178378378378378,
  "recall@5": 0.6162162162162163,
  "recall@10": 0.7113513513513513,
  "map@10": 0.4423629343629344,
  "mrr@10": 0.4423629343629344,
  "map_full": 0.451137837196171,
  "mrr_full": 0.451137837196171,
  "skill_coverage@1": 0.4500771704381081,
  "skill_coverage@3": 0.6689581484380798,
  "skill_coverage@5": 0.7471353181644068,
  "skill_coverage@10": 0.829699456089096,
  "coverage": 0.9989200863930886,
  "N_eval": 926,
  "encode_ms_per_query": 0.24748123972525832,
  "run_details": {
    "model_id": "JobBERT-v2",
    "data_path": [
      "data/title_pairs/decorte_test_pairs.csv"
    ],
    "proj_dim": null,
    "topk": 10,
    "use_faiss": true,
    "normalize_embeddings": true
  }
}